pct_superior,pct_inf_ratio,num_grids,modo_grid,stop_loss_pct,take_profit_pct,pnl_pct,portfolio_final,usdt_final,btc_en_pos,n_niveles_abiertos,ganancia_ciclos,ciclos_completos,total_compras,total_trades,max_drawdown,bot_detenido,btc_en_pos_usd,pnl_norm,gan_norm,cic_norm,combo_score
0.0,0.25,10,geo,,,28.686,1286.86,1178.16,0.00171284,1,278.164,19,20,39,37.83,False,108.69562741200001,1.0,1.0,0.0012065637065637065,0.8002413127413128
0.0,0.3,20,geo,,,26.092,1260.92,1210.67,0.00079182,1,260.6714,87,88,175,41.62,False,50.24834292600001,0.8093852416854047,0.8608708239613393,0.017615830115830115,0.6664770340542702
0.0,0.25,20,geo,,,25.8343,1258.34,1207.63,0.00079907,1,257.6347,74,75,149,36.66,False,50.708422851,0.7904486868597798,0.8367181211683524,0.01447876447876448,0.6491355326761485
0.0,0.2,10,geo,,,25.2328,1252.33,1141.18,0.00175149,1,241.1792,14,15,29,35.83,False,111.14832935700001,0.7462486956777332,0.7058376256271417,0.0,0.584875635527009
0.0,0.2,10,ari,,,25.1529,1251.53,1148.68,0.00162078,1,248.6754,16,17,33,41.35,False,102.853564254,0.7403774084035094,0.7654594159511077,0.00048262548262548264,0.5999230540836121
0.0,0.3,10,ari,,,24.93,1249.3,1147.55,0.00160335,1,247.5528,18,19,37,49.72,False,101.747468655,0.7239980600502623,0.7565307024939314,0.0009652509652509653,0.5891512909663608
0.0,0.25,50,geo,,,24.4933,1244.93,1205.47,0.00062183,2,245.4723,471,473,944,35.32,False,39.460896519,0.6919080581397059,0.7399832338072619,0.11027992277992278,0.5900049837680161
0.0,0.3,30,geo,,,24.3916,1243.92,1176.9,0.00105597,2,243.5713,188,190,378,41.87,False,67.011117021,0.6844348426730156,0.7248634366559241,0.04198841698841699,0.5680741357309684
0.0,0.25,30,geo,,,24.2277,1242.28,1209.24,0.00052055,1,242.5765,161,162,323,36.08,False,33.033738615000004,0.6723909880516731,0.7169511935174965,0.03547297297297297,0.5583754466756801
0.0,0.3,50,geo,,,23.6772,1236.77,1197.53,0.00061843,2,237.5272,532,534,1066,42.16,False,39.245134899,0.6319386270446629,0.6767910716046869,0.125,0.5440066350037375
0.0,0.3,10,geo,,,23.2974,1232.97,1126.24,0.0016819,1,226.2422,18,19,37,46.36,False,106.73219667000001,0.6040298046823331,0.5870346745227044,0.0009652509652509653,0.4783183548910281
0.0,0.25,10,ari,,,23.2551,1232.55,1130.25,0.00161202,1,230.2533,16,17,33,46.18,False,102.29766078600001,0.6009214761253912,0.6189373669760088,0.00048262548262548264,0.48623847325202324
0.0,0.2,20,ari,,,22.5786,1225.79,1125.08,0.00158701,2,225.0753,57,59,116,40.82,False,100.710543693,0.551210264097703,0.5777536165027695,0.010376447876447877,0.4510065065749719
0.0,0.2,30,geo,,,22.433,1224.33,1191.05,0.00052443,1,224.3831,127,128,255,31.01,False,33.279960699,0.5405111473626971,0.5722481332896417,0.02726833976833977,0.44738368162190906
0.0,0.25,50,ari,,,22.22,1222.2,1163.66,0.00092249,3,223.6598,427,430,857,43.59,False,58.540569657,0.5248592801610745,0.5664952930584144,0.09966216216216216,0.452310660430494
0.0,0.2,20,geo,,,22.1683,1221.68,1170.41,0.00080803,1,220.4061,54,55,109,32.5,False,51.277018179,0.5210602119248121,0.5406166586600409,0.009652509652509652,0.42464560549092023
0.0,0.25,75,geo,,,22.0209,1220.21,1180.93,0.00061898,3,220.9288,997,1000,1997,36.56,False,39.280037514,0.5102288258895111,0.5447740063565186,0.23721042471042472,0.46598869979379615
0.0,0.25,20,ari,,,21.9017,1219.02,1118.71,0.00158061,2,218.7122,62,64,126,44.26,False,100.30440417300001,0.5014696588921712,0.527144052455595,0.011583011583011582,0.4111946474993664
0.0,0.3,75,geo,,,21.8903,1218.9,1179.81,0.00061596,3,219.8147,1165,1168,2333,42.74,False,39.088390428000004,0.5006319533236335,0.5359128985152216,0.27775096525096526,0.46664003926657627
0.0,0.3,30,ari,,,21.6238,1216.24,1150.86,0.00103028,2,217.524,161,163,324,48.13,False,65.380847604,0.4810487485854532,0.5176935827158687,0.03547297297297297,0.4029270437020818
0.0,0.25,30,ari,,,21.0688,1210.69,1145.14,0.00103298,2,211.8022,140,142,282,44.8,False,65.552187714,0.44026571432770445,0.47218466354673383,0.030405405405405407,0.36786933730895344
0.0,0.2,50,geo,,,20.9973,1209.97,1170.25,0.00062603,2,210.2455,343,345,688,31.05,False,39.727425579,0.43501168378819266,0.4598032915185971,0.07939189189189189,0.3713252077280538
0.0,0.3,20,ari,,,20.9468,1209.47,1109.57,0.00157427,2,209.5657,66,68,134,48.43,False,99.902072211,0.4313007950854606,0.4543964329686342,0.012548262548262547,0.35447897994297306
0.0,0.25,100,geo,,,20.932,1209.32,1180.13,0.00045994,3,210.1326,1761,1764,3525,37.01,False,29.187470442000002,0.4302132475052539,0.4589053298676839,0.4215733590733591,0.43709289452760397
0.0,0.25,75,ari,,,20.7653,1207.65,1129.04,0.00123882,6,209.0379,923,929,1852,43.98,False,78.614650026,0.41796364063900765,0.45019852190262893,0.21935328185328185,0.3879120332609488
0.0,0.2,30,ari,,,20.5521,1205.52,1139.8,0.0010357,2,206.4627,126,128,254,41.82,False,65.72479701,0.4022970768484634,0.4297164063717897,0.02702702702702703,0.335468865741174
0.0,0.2,50,ari,,,20.507,1205.07,1146.41,0.00092441,3,206.4079,361,364,725,41.31,False,58.662411513,0.39898299604661763,0.42928054898941553,0.08373552123552123,0.3450227669672377
0.0,0.3,50,ari,,,20.4188,1204.19,1145.77,0.00092057,3,205.769,446,449,895,47.83,False,58.418727801,0.39250180033214294,0.42419899275585954,0.10424710424710425,0.3443600188422502
0.0,0.2,75,geo,,,19.8239,1198.24,1172.18,0.00041066,2,198.845,759,761,1520,31.6,False,26.060196138,0.34878679658451256,0.3691282534208442,0.17977799227799227,0.321087472774108
0.0,0.3,100,geo,,,19.784,1197.84,1148.66,0.00077501,5,198.658,1969,1974,3943,43.47,False,49.181592093000006,0.3458548270946312,0.36764092987150154,0.4717664092664093,0.3775729743620479
0.0,0.2,75,ari,,,19.1138,1191.14,1139.28,0.00081717,4,192.6143,799,803,1602,41.6,False,51.857036181,0.29660655761797694,0.3195717462610117,0.18943050193050193,0.2820609030733924
0.0,0.25,100,ari,,,19.0628,1190.63,1122.16,0.00107885,7,192.1648,1589,1596,3185,44.54,False,68.463065805,0.2928589274429404,0.3159966022212821,0.38006756756756754,0.31724195790136833
0.0,0.3,75,ari,,,19.0617,1190.62,1125.7,0.0010229,5,192.3714,981,986,1967,48.21,False,64.91251797,0.2927780962038709,0.3176398163672401,0.23334942084942084,0.28835087718199165
0.0,0.2,100,geo,,,18.8939,1188.94,1159.62,0.00046201,3,189.6206,1336,1339,2675,31.82,False,29.318831193,0.28044765809855515,0.29576104834835504,0.319015444015444,0.2927552323568729
0.0,0.2,100,ari,,,17.9959,1179.96,1121.54,0.00092062,6,181.5367,1376,1382,2758,41.73,False,58.42190076600001,0.2144599738400716,0.23146492620648187,0.32866795366795365,0.24240305551557112
0.0,0.3,100,ari,,,17.7606,1177.61,1109.22,0.00107761,7,179.2218,1699,1706,3405,48.63,False,68.384376273,0.19716943697367836,0.21305313324192,0.4066119691119691,0.243823052281809
0.0,0.25,150,geo,,,17.7,1177.0,1144.57,0.00051106,5,177.9021,3672,3677,7349,38.7,False,32.431509858000005,0.1927163705303998,0.2025567648565329,0.8827220077220077,0.33366961626656133
0.0,0.2,150,geo,,,16.6817,1166.82,1140.9,0.00040847,4,167.5626,2867,2871,5738,32.8,False,25.921220271000003,0.11788868803550685,0.12032049834087873,0.688465250965251,0.23273354371306723
0.0,0.3,150,geo,,,16.6577,1166.58,1120.86,0.00072035,7,167.5307,4158,4165,8323,44.94,False,45.712906755000006,0.11612509736490144,0.12006677844128492,1.0,0.2940825822148362
0.0,0.25,150,ari,,,16.0131,1160.13,1088.36,0.00113098,11,161.6937,3279,3290,6569,46.44,False,71.771199114,0.06875799127022623,0.07364160433694011,0.7878861003861004,0.21404869701341522
0.0,0.2,150,ari,,,15.5781,1155.78,1097.29,0.00092176,9,157.2865,2931,2940,5871,43.29,False,58.494244368000004,0.03679291036550405,0.03858849018366453,0.7039092664092664,0.17075485551970468
0.0,0.3,150,ari,,,15.0774,1150.77,1079.1,0.00112943,11,152.4348,3555,3566,7121,50.43,False,71.67283719900001,0.0,0.0,0.854488416988417,0.1708976833976834
