rank_pnl,rsi_length,N,floor_pct,factor_caida,factor_subida,rsi_buy_trigger,rsi_sell_trigger,guardia_compra,guardia_prec_compra,guardia_prec_venta,pnl_pct,portfolio_final,usdt_final,btc_posiciones,precio_prom_fin,total_trades,total_compras,total_ventas,positions_count,pnl_por_trade,max_drawdown,div_compra_det,div_compra_apr,tasa_apr_compra,div_venta_det,div_venta_apr,tasa_apr_venta,btc_value,pnl_norm,btc_norm,equilibrio_score
0,21,24,25,5.0,0.5,17.5,87.5,True,True,True,177.9316,2779.32,0.0,0.05372133,18614.58,2,2,0,2,88.9658,21.74,235,6,2.6,263,0,0.0,2776.259240937,0.0,0.0,0.0
1,21,24,25,5.0,0.5,17.5,87.5,True,True,False,177.9316,2779.32,0.0,0.05372133,18614.58,2,2,0,2,88.9658,21.74,235,6,2.6,263,0,0.0,2776.259240937,0.0,0.0,0.0
2,21,24,25,5.0,0.5,17.5,87.5,True,False,False,177.9316,2779.32,0.0,0.05372133,18614.58,2,2,0,2,88.9658,21.74,235,6,2.6,263,0,0.0,2776.259240937,0.0,0.0,0.0
3,21,24,25,5.0,1.0,17.5,87.5,True,False,True,177.9316,2779.32,0.0,0.05372133,18614.58,2,2,0,2,88.9658,21.74,235,6,2.6,263,0,0.0,2776.259240937,0.0,0.0,0.0
4,21,24,25,5.0,0.5,17.5,87.5,True,False,True,177.9316,2779.32,0.0,0.05372133,18614.58,2,2,0,2,88.9658,21.74,235,6,2.6,263,0,0.0,2776.259240937,0.0,0.0,0.0
5,21,24,25,5.0,0.5,17.5,87.5,False,True,True,177.9316,2779.32,0.0,0.05372133,18614.58,2,2,0,2,88.9658,21.74,235,6,2.6,263,0,0.0,2776.259240937,0.0,0.0,0.0
6,21,24,25,5.0,0.5,17.5,90.0,True,False,True,177.9316,2779.32,0.0,0.05372133,18614.58,2,2,0,2,88.9658,21.74,235,6,2.6,263,0,0.0,2776.259240937,0.0,0.0,0.0
7,21,24,25,5.0,1.0,17.5,87.5,False,True,False,177.9316,2779.32,0.0,0.05372133,18614.58,2,2,0,2,88.9658,21.74,235,6,2.6,263,0,0.0,2776.259240937,0.0,0.0,0.0
8,21,24,25,5.0,1.0,17.5,90.0,True,False,True,177.9316,2779.32,0.0,0.05372133,18614.58,2,2,0,2,88.9658,21.74,235,6,2.6,263,0,0.0,2776.259240937,0.0,0.0,0.0
9,21,24,25,5.0,0.5,17.5,87.5,False,True,False,177.9316,2779.32,0.0,0.05372133,18614.58,2,2,0,2,88.9658,21.74,235,6,2.6,263,0,0.0,2776.259240937,0.0,0.0,0.0
10,21,24,25,5.0,0.5,17.5,90.0,True,True,True,177.9316,2779.32,0.0,0.05372133,18614.58,2,2,0,2,88.9658,21.74,235,6,2.6,263,0,0.0,2776.259240937,0.0,0.0,0.0
11,21,24,25,5.0,0.5,17.5,87.5,False,False,False,177.9316,2779.32,0.0,0.05372133,18614.58,2,2,0,2,88.9658,21.74,235,6,2.6,263,0,0.0,2776.259240937,0.0,0.0,0.0
12,21,24,25,5.0,0.5,17.5,87.5,False,False,True,177.9316,2779.32,0.0,0.05372133,18614.58,2,2,0,2,88.9658,21.74,235,6,2.6,263,0,0.0,2776.259240937,0.0,0.0,0.0
13,21,24,25,5.0,1.0,17.5,90.0,False,False,False,177.9316,2779.32,0.0,0.05372133,18614.58,2,2,0,2,88.9658,21.74,235,6,2.6,263,0,0.0,2776.259240937,0.0,0.0,0.0
14,21,24,25,5.0,0.5,17.5,90.0,False,False,False,177.9316,2779.32,0.0,0.05372133,18614.58,2,2,0,2,88.9658,21.74,235,6,2.6,263,0,0.0,2776.259240937,0.0,0.0,0.0
15,21,24,25,5.0,1.0,17.5,90.0,False,False,True,177.9316,2779.32,0.0,0.05372133,18614.58,2,2,0,2,88.9658,21.74,235,6,2.6,263,0,0.0,2776.259240937,0.0,0.0,0.0
16,21,24,25,5.0,2.0,17.5,87.5,True,True,False,177.9316,2779.32,0.0,0.05372133,18614.58,2,2,0,2,88.9658,21.74,235,6,2.6,263,0,0.0,2776.259240937,0.0,0.0,0.0
17,21,24,25,5.0,2.0,17.5,90.0,False,True,False,177.9316,2779.32,0.0,0.05372133,18614.58,2,2,0,2,88.9658,21.74,235,6,2.6,263,0,0.0,2776.259240937,0.0,0.0,0.0
18,21,24,25,5.0,1.0,17.5,90.0,True,False,False,177.9316,2779.32,0.0,0.05372133,18614.58,2,2,0,2,88.9658,21.74,235,6,2.6,263,0,0.0,2776.259240937,0.0,0.0,0.0
19,21,24,25,5.0,1.5,17.5,87.5,True,True,True,177.9316,2779.32,0.0,0.05372133,18614.58,2,2,0,2,88.9658,21.74,235,6,2.6,263,0,0.0,2776.259240937,0.0,0.0,0.0
20,21,24,25,5.0,0.5,17.5,90.0,False,True,False,177.9316,2779.32,0.0,0.05372133,18614.58,2,2,0,2,88.9658,21.74,235,6,2.6,263,0,0.0,2776.259240937,0.0,0.0,0.0
21,21,24,25,5.0,2.0,17.5,87.5,False,False,True,177.9316,2779.32,0.0,0.05372133,18614.58,2,2,0,2,88.9658,21.74,235,6,2.6,263,0,0.0,2776.259240937,0.0,0.0,0.0
22,21,24,25,5.0,1.0,17.5,87.5,False,False,True,177.9316,2779.32,0.0,0.05372133,18614.58,2,2,0,2,88.9658,21.74,235,6,2.6,263,0,0.0,2776.259240937,0.0,0.0,0.0
23,21,24,25,5.0,0.5,17.5,90.0,False,True,True,177.9316,2779.32,0.0,0.05372133,18614.58,2,2,0,2,88.9658,21.74,235,6,2.6,263,0,0.0,2776.259240937,0.0,0.0,0.0
24,21,24,25,5.0,2.0,17.5,90.0,True,True,False,177.9316,2779.32,0.0,0.05372133,18614.58,2,2,0,2,88.9658,21.74,235,6,2.6,263,0,0.0,2776.259240937,0.0,0.0,0.0
25,21,24,25,5.0,0.5,17.5,90.0,True,True,False,177.9316,2779.32,0.0,0.05372133,18614.58,2,2,0,2,88.9658,21.74,235,6,2.6,263,0,0.0,2776.259240937,0.0,0.0,0.0
26,21,24,25,5.0,0.5,17.5,90.0,False,False,True,177.9316,2779.32,0.0,0.05372133,18614.58,2,2,0,2,88.9658,21.74,235,6,2.6,263,0,0.0,2776.259240937,0.0,0.0,0.0
27,21,24,25,5.0,1.5,17.5,90.0,True,False,False,177.9316,2779.32,0.0,0.05372133,18614.58,2,2,0,2,88.9658,21.74,235,6,2.6,263,0,0.0,2776.259240937,0.0,0.0,0.0
28,21,24,25,5.0,1.5,17.5,90.0,True,True,True,177.9316,2779.32,0.0,0.05372133,18614.58,2,2,0,2,88.9658,21.74,235,6,2.6,263,0,0.0,2776.259240937,0.0,0.0,0.0
29,21,24,25,5.0,1.0,17.5,87.5,True,True,False,177.9316,2779.32,0.0,0.05372133,18614.58,2,2,0,2,88.9658,21.74,235,6,2.6,263,0,0.0,2776.259240937,0.0,0.0,0.0
30,21,24,25,5.0,1.0,17.5,90.0,False,True,False,177.9316,2779.32,0.0,0.05372133,18614.58,2,2,0,2,88.9658,21.74,235,6,2.6,263,0,0.0,2776.259240937,0.0,0.0,0.0
31,21,24,25,5.0,1.5,17.5,87.5,True,False,True,177.9316,2779.32,0.0,0.05372133,18614.58,2,2,0,2,88.9658,21.74,235,6,2.6,263,0,0.0,2776.259240937,0.0,0.0,0.0
32,21,24,25,5.0,3.0,17.5,87.5,False,False,True,177.9316,2779.32,0.0,0.05372133,18614.58,2,2,0,2,88.9658,21.74,235,6,2.6,263,0,0.0,2776.259240937,0.0,0.0,0.0
33,21,24,25,5.0,2.5,17.5,87.5,False,True,False,177.9316,2779.32,0.0,0.05372133,18614.58,2,2,0,2,88.9658,21.74,235,6,2.6,263,0,0.0,2776.259240937,0.0,0.0,0.0
34,21,24,25,5.0,2.0,17.5,87.5,False,True,False,177.9316,2779.32,0.0,0.05372133,18614.58,2,2,0,2,88.9658,21.74,235,6,2.6,263,0,0.0,2776.259240937,0.0,0.0,0.0
35,21,24,25,5.0,3.5,17.5,90.0,True,False,False,177.9316,2779.32,0.0,0.05372133,18614.58,2,2,0,2,88.9658,21.74,235,6,2.6,263,0,0.0,2776.259240937,0.0,0.0,0.0
36,21,24,25,5.0,3.5,17.5,90.0,False,True,False,177.9316,2779.32,0.0,0.05372133,18614.58,2,2,0,2,88.9658,21.74,235,6,2.6,263,0,0.0,2776.259240937,0.0,0.0,0.0
37,21,24,25,5.0,2.5,17.5,87.5,True,False,True,177.9316,2779.32,0.0,0.05372133,18614.58,2,2,0,2,88.9658,21.74,235,6,2.6,263,0,0.0,2776.259240937,0.0,0.0,0.0
38,21,24,25,5.0,2.0,17.5,90.0,True,False,False,177.9316,2779.32,0.0,0.05372133,18614.58,2,2,0,2,88.9658,21.74,235,6,2.6,263,0,0.0,2776.259240937,0.0,0.0,0.0
39,21,24,25,5.0,2.0,17.5,87.5,True,False,True,177.9316,2779.32,0.0,0.05372133,18614.58,2,2,0,2,88.9658,21.74,235,6,2.6,263,0,0.0,2776.259240937,0.0,0.0,0.0
40,21,24,25,5.0,1.5,17.5,90.0,True,True,False,177.9316,2779.32,0.0,0.05372133,18614.58,2,2,0,2,88.9658,21.74,235,6,2.6,263,0,0.0,2776.259240937,0.0,0.0,0.0
41,21,24,25,5.0,1.0,17.5,87.5,False,True,True,177.9316,2779.32,0.0,0.05372133,18614.58,2,2,0,2,88.9658,21.74,235,6,2.6,263,0,0.0,2776.259240937,0.0,0.0,0.0
42,21,24,25,5.0,1.0,17.5,87.5,True,True,True,177.9316,2779.32,0.0,0.05372133,18614.58,2,2,0,2,88.9658,21.74,235,6,2.6,263,0,0.0,2776.259240937,0.0,0.0,0.0
43,21,30,25,5.0,3.5,17.5,87.5,True,False,False,177.9316,2779.32,0.0,0.05372133,18614.58,2,2,0,2,88.9658,21.74,231,6,2.6,259,0,0.0,2776.259240937,0.0,0.0,0.0
44,21,24,25,5.0,2.5,17.5,90.0,True,True,False,177.9316,2779.32,0.0,0.05372133,18614.58,2,2,0,2,88.9658,21.74,235,6,2.6,263,0,0.0,2776.259240937,0.0,0.0,0.0
45,21,24,25,5.0,2.0,17.5,90.0,False,True,True,177.9316,2779.32,0.0,0.05372133,18614.58,2,2,0,2,88.9658,21.74,235,6,2.6,263,0,0.0,2776.259240937,0.0,0.0,0.0
46,21,24,25,5.0,1.0,17.5,90.0,True,True,False,177.9316,2779.32,0.0,0.05372133,18614.58,2,2,0,2,88.9658,21.74,235,6,2.6,263,0,0.0,2776.259240937,0.0,0.0,0.0
47,21,24,25,5.0,1.5,17.5,90.0,False,False,False,177.9316,2779.32,0.0,0.05372133,18614.58,2,2,0,2,88.9658,21.74,235,6,2.6,263,0,0.0,2776.259240937,0.0,0.0,0.0
48,21,24,25,5.0,1.5,17.5,87.5,False,False,True,177.9316,2779.32,0.0,0.05372133,18614.58,2,2,0,2,88.9658,21.74,235,6,2.6,263,0,0.0,2776.259240937,0.0,0.0,0.0
49,21,24,25,5.0,2.0,17.5,90.0,True,False,True,177.9316,2779.32,0.0,0.05372133,18614.58,2,2,0,2,88.9658,21.74,235,6,2.6,263,0,0.0,2776.259240937,0.0,0.0,0.0
50,21,24,25,5.0,4.0,17.5,87.5,True,False,False,177.9316,2779.32,0.0,0.05372133,18614.58,2,2,0,2,88.9658,21.74,235,6,2.6,263,0,0.0,2776.259240937,0.0,0.0,0.0
51,21,24,25,5.0,0.5,17.5,90.0,True,False,False,177.9316,2779.32,0.0,0.05372133,18614.58,2,2,0,2,88.9658,21.74,235,6,2.6,263,0,0.0,2776.259240937,0.0,0.0,0.0
52,21,24,25,5.0,1.0,17.5,90.0,True,True,True,177.9316,2779.32,0.0,0.05372133,18614.58,2,2,0,2,88.9658,21.74,235,6,2.6,263,0,0.0,2776.259240937,0.0,0.0,0.0
53,21,24,25,5.0,3.0,17.5,87.5,False,True,True,177.9316,2779.32,0.0,0.05372133,18614.58,2,2,0,2,88.9658,21.74,235,6,2.6,263,0,0.0,2776.259240937,0.0,0.0,0.0
54,21,24,25,5.0,1.5,17.5,87.5,False,False,False,177.9316,2779.32,0.0,0.05372133,18614.58,2,2,0,2,88.9658,21.74,235,6,2.6,263,0,0.0,2776.259240937,0.0,0.0,0.0
55,21,30,25,5.0,2.5,17.5,90.0,False,False,True,177.9316,2779.32,0.0,0.05372133,18614.58,2,2,0,2,88.9658,21.74,231,6,2.6,259,0,0.0,2776.259240937,0.0,0.0,0.0
56,21,24,25,5.0,2.0,17.5,87.5,False,True,True,177.9316,2779.32,0.0,0.05372133,18614.58,2,2,0,2,88.9658,21.74,235,6,2.6,263,0,0.0,2776.259240937,0.0,0.0,0.0
57,21,24,25,5.0,1.5,17.5,90.0,False,True,False,177.9316,2779.32,0.0,0.05372133,18614.58,2,2,0,2,88.9658,21.74,235,6,2.6,263,0,0.0,2776.259240937,0.0,0.0,0.0
58,21,24,25,5.0,2.0,17.5,87.5,False,False,False,177.9316,2779.32,0.0,0.05372133,18614.58,2,2,0,2,88.9658,21.74,235,6,2.6,263,0,0.0,2776.259240937,0.0,0.0,0.0
59,21,24,25,5.0,1.5,17.5,87.5,False,True,False,177.9316,2779.32,0.0,0.05372133,18614.58,2,2,0,2,88.9658,21.74,235,6,2.6,263,0,0.0,2776.259240937,0.0,0.0,0.0
60,21,24,25,5.0,1.0,17.5,90.0,False,True,True,177.9316,2779.32,0.0,0.05372133,18614.58,2,2,0,2,88.9658,21.74,235,6,2.6,263,0,0.0,2776.259240937,0.0,0.0,0.0
61,21,24,25,5.0,1.5,17.5,87.5,True,True,False,177.9316,2779.32,0.0,0.05372133,18614.58,2,2,0,2,88.9658,21.74,235,6,2.6,263,0,0.0,2776.259240937,0.0,0.0,0.0
62,21,30,25,5.0,0.5,17.5,90.0,False,True,False,177.9316,2779.32,0.0,0.05372133,18614.58,2,2,0,2,88.9658,21.74,231,6,2.6,259,0,0.0,2776.259240937,0.0,0.0,0.0
63,21,24,25,5.0,3.5,17.5,87.5,False,True,False,177.9316,2779.32,0.0,0.05372133,18614.58,2,2,0,2,88.9658,21.74,235,6,2.6,263,0,0.0,2776.259240937,0.0,0.0,0.0
64,21,24,25,5.0,1.5,17.5,90.0,False,False,True,177.9316,2779.32,0.0,0.05372133,18614.58,2,2,0,2,88.9658,21.74,235,6,2.6,263,0,0.0,2776.259240937,0.0,0.0,0.0
65,21,30,25,5.0,3.0,17.5,90.0,True,False,False,177.9316,2779.32,0.0,0.05372133,18614.58,2,2,0,2,88.9658,21.74,231,6,2.6,259,0,0.0,2776.259240937,0.0,0.0,0.0
66,21,24,25,5.0,3.0,17.5,90.0,False,False,True,177.9316,2779.32,0.0,0.05372133,18614.58,2,2,0,2,88.9658,21.74,235,6,2.6,263,0,0.0,2776.259240937,0.0,0.0,0.0
67,21,24,25,5.0,3.5,17.5,90.0,False,True,True,177.9316,2779.32,0.0,0.05372133,18614.58,2,2,0,2,88.9658,21.74,235,6,2.6,263,0,0.0,2776.259240937,0.0,0.0,0.0
68,21,30,25,5.0,1.0,17.5,87.5,True,True,True,177.9316,2779.32,0.0,0.05372133,18614.58,2,2,0,2,88.9658,21.74,231,6,2.6,259,0,0.0,2776.259240937,0.0,0.0,0.0
69,21,24,25,5.0,3.5,17.5,87.5,False,True,True,177.9316,2779.32,0.0,0.05372133,18614.58,2,2,0,2,88.9658,21.74,235,6,2.6,263,0,0.0,2776.259240937,0.0,0.0,0.0
70,21,24,25,5.0,2.5,17.5,87.5,True,False,False,177.9316,2779.32,0.0,0.05372133,18614.58,2,2,0,2,88.9658,21.74,235,6,2.6,263,0,0.0,2776.259240937,0.0,0.0,0.0
71,21,24,25,5.0,4.0,17.5,90.0,False,False,False,177.9316,2779.32,0.0,0.05372133,18614.58,2,2,0,2,88.9658,21.74,235,6,2.6,263,0,0.0,2776.259240937,0.0,0.0,0.0
72,21,30,25,5.0,0.5,17.5,87.5,True,True,False,177.9316,2779.32,0.0,0.05372133,18614.58,2,2,0,2,88.9658,21.74,231,6,2.6,259,0,0.0,2776.259240937,0.0,0.0,0.0
73,21,30,25,5.0,1.5,17.5,87.5,True,False,False,177.9316,2779.32,0.0,0.05372133,18614.58,2,2,0,2,88.9658,21.74,231,6,2.6,259,0,0.0,2776.259240937,0.0,0.0,0.0
74,21,24,25,5.0,4.0,17.5,90.0,False,True,True,177.9316,2779.32,0.0,0.05372133,18614.58,2,2,0,2,88.9658,21.74,235,6,2.6,263,0,0.0,2776.259240937,0.0,0.0,0.0
75,21,24,25,5.0,2.5,17.5,90.0,False,True,False,177.9316,2779.32,0.0,0.05372133,18614.58,2,2,0,2,88.9658,21.74,235,6,2.6,263,0,0.0,2776.259240937,0.0,0.0,0.0
76,21,30,25,5.0,0.5,17.5,87.5,False,False,True,177.9316,2779.32,0.0,0.05372133,18614.58,2,2,0,2,88.9658,21.74,231,6,2.6,259,0,0.0,2776.259240937,0.0,0.0,0.0
77,21,30,25,5.0,2.0,17.5,87.5,True,True,False,177.9316,2779.32,0.0,0.05372133,18614.58,2,2,0,2,88.9658,21.74,231,6,2.6,259,0,0.0,2776.259240937,0.0,0.0,0.0
78,21,24,25,5.0,3.5,17.5,90.0,False,False,True,177.9316,2779.32,0.0,0.05372133,18614.58,2,2,0,2,88.9658,21.74,235,6,2.6,263,0,0.0,2776.259240937,0.0,0.0,0.0
79,21,30,25,5.0,2.5,17.5,87.5,True,True,False,177.9316,2779.32,0.0,0.05372133,18614.58,2,2,0,2,88.9658,21.74,231,6,2.6,259,0,0.0,2776.259240937,0.0,0.0,0.0
80,21,36,25,5.0,1.0,17.5,90.0,False,False,True,177.9316,2779.32,0.0,0.05372133,18614.58,2,2,0,2,88.9658,21.74,231,6,2.6,254,0,0.0,2776.259240937,0.0,0.0,0.0
81,21,24,25,5.0,3.0,17.5,90.0,False,True,True,177.9316,2779.32,0.0,0.05372133,18614.58,2,2,0,2,88.9658,21.74,235,6,2.6,263,0,0.0,2776.259240937,0.0,0.0,0.0
82,21,24,25,5.0,1.5,17.5,90.0,False,True,True,177.9316,2779.32,0.0,0.05372133,18614.58,2,2,0,2,88.9658,21.74,235,6,2.6,263,0,0.0,2776.259240937,0.0,0.0,0.0
83,21,24,25,5.0,2.0,17.5,87.5,True,True,True,177.9316,2779.32,0.0,0.05372133,18614.58,2,2,0,2,88.9658,21.74,235,6,2.6,263,0,0.0,2776.259240937,0.0,0.0,0.0
84,21,36,25,5.0,1.0,17.5,90.0,False,False,False,177.9316,2779.32,0.0,0.05372133,18614.58,2,2,0,2,88.9658,21.74,231,6,2.6,254,0,0.0,2776.259240937,0.0,0.0,0.0
85,21,24,25,5.0,2.0,17.5,87.5,True,False,False,177.9316,2779.32,0.0,0.05372133,18614.58,2,2,0,2,88.9658,21.74,235,6,2.6,263,0,0.0,2776.259240937,0.0,0.0,0.0
86,21,24,25,5.0,1.0,17.5,87.5,False,False,False,177.9316,2779.32,0.0,0.05372133,18614.58,2,2,0,2,88.9658,21.74,235,6,2.6,263,0,0.0,2776.259240937,0.0,0.0,0.0
87,21,30,25,5.0,4.0,17.5,90.0,True,True,True,177.9316,2779.32,0.0,0.05372133,18614.58,2,2,0,2,88.9658,21.74,231,6,2.6,259,0,0.0,2776.259240937,0.0,0.0,0.0
88,21,30,25,5.0,4.0,17.5,87.5,False,False,True,177.9316,2779.32,0.0,0.05372133,18614.58,2,2,0,2,88.9658,21.74,231,6,2.6,259,0,0.0,2776.259240937,0.0,0.0,0.0
89,21,30,25,5.0,1.5,17.5,90.0,True,True,False,177.9316,2779.32,0.0,0.05372133,18614.58,2,2,0,2,88.9658,21.74,231,6,2.6,259,0,0.0,2776.259240937,0.0,0.0,0.0
90,21,24,25,5.0,3.5,17.5,90.0,True,True,True,177.9316,2779.32,0.0,0.05372133,18614.58,2,2,0,2,88.9658,21.74,235,6,2.6,263,0,0.0,2776.259240937,0.0,0.0,0.0
91,21,24,25,5.0,3.0,17.5,90.0,True,True,False,177.9316,2779.32,0.0,0.05372133,18614.58,2,2,0,2,88.9658,21.74,235,6,2.6,263,0,0.0,2776.259240937,0.0,0.0,0.0
92,21,24,25,5.0,3.0,17.5,90.0,True,False,False,177.9316,2779.32,0.0,0.05372133,18614.58,2,2,0,2,88.9658,21.74,235,6,2.6,263,0,0.0,2776.259240937,0.0,0.0,0.0
93,21,30,25,5.0,3.0,17.5,87.5,False,True,True,177.9316,2779.32,0.0,0.05372133,18614.58,2,2,0,2,88.9658,21.74,231,6,2.6,259,0,0.0,2776.259240937,0.0,0.0,0.0
94,21,24,25,5.0,3.0,17.5,90.0,False,True,False,177.9316,2779.32,0.0,0.05372133,18614.58,2,2,0,2,88.9658,21.74,235,6,2.6,263,0,0.0,2776.259240937,0.0,0.0,0.0
95,21,24,25,5.0,2.5,17.5,87.5,False,False,True,177.9316,2779.32,0.0,0.05372133,18614.58,2,2,0,2,88.9658,21.74,235,6,2.6,263,0,0.0,2776.259240937,0.0,0.0,0.0
96,21,24,25,5.0,2.5,17.5,90.0,True,False,True,177.9316,2779.32,0.0,0.05372133,18614.58,2,2,0,2,88.9658,21.74,235,6,2.6,263,0,0.0,2776.259240937,0.0,0.0,0.0
97,21,24,25,5.0,2.5,17.5,90.0,False,False,True,177.9316,2779.32,0.0,0.05372133,18614.58,2,2,0,2,88.9658,21.74,235,6,2.6,263,0,0.0,2776.259240937,0.0,0.0,0.0
98,21,24,25,5.0,2.5,17.5,87.5,False,True,True,177.9316,2779.32,0.0,0.05372133,18614.58,2,2,0,2,88.9658,21.74,235,6,2.6,263,0,0.0,2776.259240937,0.0,0.0,0.0
99,21,30,25,5.0,1.5,17.5,90.0,False,True,True,177.9316,2779.32,0.0,0.05372133,18614.58,2,2,0,2,88.9658,21.74,231,6,2.6,259,0,0.0,2776.259240937,0.0,0.0,0.0
100,21,24,25,5.0,3.5,17.5,87.5,True,False,False,177.9316,2779.32,0.0,0.05372133,18614.58,2,2,0,2,88.9658,21.74,235,6,2.6,263,0,0.0,2776.259240937,0.0,0.0,0.0
101,21,24,25,5.0,4.0,17.5,90.0,True,False,True,177.9316,2779.32,0.0,0.05372133,18614.58,2,2,0,2,88.9658,21.74,235,6,2.6,263,0,0.0,2776.259240937,0.0,0.0,0.0
102,21,30,25,5.0,1.0,17.5,87.5,True,False,True,177.9316,2779.32,0.0,0.05372133,18614.58,2,2,0,2,88.9658,21.74,231,6,2.6,259,0,0.0,2776.259240937,0.0,0.0,0.0
103,21,24,25,5.0,1.5,17.5,87.5,False,True,True,177.9316,2779.32,0.0,0.05372133,18614.58,2,2,0,2,88.9658,21.74,235,6,2.6,263,0,0.0,2776.259240937,0.0,0.0,0.0
104,21,24,25,5.0,1.0,17.5,87.5,True,False,False,177.9316,2779.32,0.0,0.05372133,18614.58,2,2,0,2,88.9658,21.74,235,6,2.6,263,0,0.0,2776.259240937,0.0,0.0,0.0
105,21,24,25,5.0,1.5,17.5,87.5,True,False,False,177.9316,2779.32,0.0,0.05372133,18614.58,2,2,0,2,88.9658,21.74,235,6,2.6,263,0,0.0,2776.259240937,0.0,0.0,0.0
106,21,24,25,5.0,3.5,17.5,90.0,False,False,False,177.9316,2779.32,0.0,0.05372133,18614.58,2,2,0,2,88.9658,21.74,235,6,2.6,263,0,0.0,2776.259240937,0.0,0.0,0.0
107,21,24,25,5.0,4.0,17.5,87.5,True,True,True,177.9316,2779.32,0.0,0.05372133,18614.58,2,2,0,2,88.9658,21.74,235,6,2.6,263,0,0.0,2776.259240937,0.0,0.0,0.0
108,21,24,25,5.0,3.5,17.5,90.0,True,False,True,177.9316,2779.32,0.0,0.05372133,18614.58,2,2,0,2,88.9658,21.74,235,6,2.6,263,0,0.0,2776.259240937,0.0,0.0,0.0
109,21,24,25,5.0,3.0,17.5,87.5,False,False,False,177.9316,2779.32,0.0,0.05372133,18614.58,2,2,0,2,88.9658,21.74,235,6,2.6,263,0,0.0,2776.259240937,0.0,0.0,0.0
110,21,24,25,5.0,3.0,17.5,87.5,True,True,True,177.9316,2779.32,0.0,0.05372133,18614.58,2,2,0,2,88.9658,21.74,235,6,2.6,263,0,0.0,2776.259240937,0.0,0.0,0.0
111,21,30,25,5.0,3.0,17.5,87.5,True,False,False,177.9316,2779.32,0.0,0.05372133,18614.58,2,2,0,2,88.9658,21.74,231,6,2.6,259,0,0.0,2776.259240937,0.0,0.0,0.0
112,21,30,25,5.0,4.0,17.5,87.5,True,False,True,177.9316,2779.32,0.0,0.05372133,18614.58,2,2,0,2,88.9658,21.74,231,6,2.6,259,0,0.0,2776.259240937,0.0,0.0,0.0
113,21,24,25,5.0,2.5,17.5,90.0,True,True,True,177.9316,2779.32,0.0,0.05372133,18614.58,2,2,0,2,88.9658,21.74,235,6,2.6,263,0,0.0,2776.259240937,0.0,0.0,0.0
114,21,24,25,5.0,2.0,17.5,90.0,True,True,True,177.9316,2779.32,0.0,0.05372133,18614.58,2,2,0,2,88.9658,21.74,235,6,2.6,263,0,0.0,2776.259240937,0.0,0.0,0.0
115,21,24,25,5.0,4.0,17.5,90.0,False,False,True,177.9316,2779.32,0.0,0.05372133,18614.58,2,2,0,2,88.9658,21.74,235,6,2.6,263,0,0.0,2776.259240937,0.0,0.0,0.0
116,21,30,25,5.0,1.0,17.5,90.0,False,True,True,177.9316,2779.32,0.0,0.05372133,18614.58,2,2,0,2,88.9658,21.74,231,6,2.6,259,0,0.0,2776.259240937,0.0,0.0,0.0
117,21,30,25,5.0,2.0,17.5,90.0,True,True,False,177.9316,2779.32,0.0,0.05372133,18614.58,2,2,0,2,88.9658,21.74,231,6,2.6,259,0,0.0,2776.259240937,0.0,0.0,0.0
118,21,30,25,5.0,0.5,17.5,90.0,True,True,False,177.9316,2779.32,0.0,0.05372133,18614.58,2,2,0,2,88.9658,21.74,231,6,2.6,259,0,0.0,2776.259240937,0.0,0.0,0.0
119,21,24,25,5.0,2.0,17.5,90.0,False,False,True,177.9316,2779.32,0.0,0.05372133,18614.58,2,2,0,2,88.9658,21.74,235,6,2.6,263,0,0.0,2776.259240937,0.0,0.0,0.0
120,21,30,25,5.0,0.5,17.5,87.5,True,False,False,177.9316,2779.32,0.0,0.05372133,18614.58,2,2,0,2,88.9658,21.74,231,6,2.6,259,0,0.0,2776.259240937,0.0,0.0,0.0
121,21,24,25,5.0,3.5,17.5,87.5,True,True,False,177.9316,2779.32,0.0,0.05372133,18614.58,2,2,0,2,88.9658,21.74,235,6,2.6,263,0,0.0,2776.259240937,0.0,0.0,0.0
122,21,24,25,5.0,3.0,17.5,90.0,True,False,True,177.9316,2779.32,0.0,0.05372133,18614.58,2,2,0,2,88.9658,21.74,235,6,2.6,263,0,0.0,2776.259240937,0.0,0.0,0.0
123,21,30,25,5.0,0.5,17.5,90.0,False,False,False,177.9316,2779.32,0.0,0.05372133,18614.58,2,2,0,2,88.9658,21.74,231,6,2.6,259,0,0.0,2776.259240937,0.0,0.0,0.0
124,21,30,25,5.0,1.0,17.5,87.5,False,True,False,177.9316,2779.32,0.0,0.05372133,18614.58,2,2,0,2,88.9658,21.74,231,6,2.6,259,0,0.0,2776.259240937,0.0,0.0,0.0
125,21,30,25,5.0,1.0,17.5,90.0,True,False,False,177.9316,2779.32,0.0,0.05372133,18614.58,2,2,0,2,88.9658,21.74,231,6,2.6,259,0,0.0,2776.259240937,0.0,0.0,0.0
126,21,36,25,5.0,2.5,17.5,87.5,False,False,False,177.9316,2779.32,0.0,0.05372133,18614.58,2,2,0,2,88.9658,21.74,231,6,2.6,254,0,0.0,2776.259240937,0.0,0.0,0.0
127,21,24,25,5.0,4.0,17.5,87.5,False,False,False,177.9316,2779.32,0.0,0.05372133,18614.58,2,2,0,2,88.9658,21.74,235,6,2.6,263,0,0.0,2776.259240937,0.0,0.0,0.0
128,21,24,25,5.0,4.0,17.5,87.5,True,False,True,177.9316,2779.32,0.0,0.05372133,18614.58,2,2,0,2,88.9658,21.74,235,6,2.6,263,0,0.0,2776.259240937,0.0,0.0,0.0
129,21,24,25,5.0,2.5,17.5,87.5,False,False,False,177.9316,2779.32,0.0,0.05372133,18614.58,2,2,0,2,88.9658,21.74,235,6,2.6,263,0,0.0,2776.259240937,0.0,0.0,0.0
130,21,36,25,5.0,2.0,17.5,87.5,True,False,False,177.9316,2779.32,0.0,0.05372133,18614.58,2,2,0,2,88.9658,21.74,231,6,2.6,254,0,0.0,2776.259240937,0.0,0.0,0.0
131,21,30,25,5.0,3.5,17.5,90.0,True,True,True,177.9316,2779.32,0.0,0.05372133,18614.58,2,2,0,2,88.9658,21.74,231,6,2.6,259,0,0.0,2776.259240937,0.0,0.0,0.0
132,21,30,25,5.0,4.0,17.5,87.5,False,False,False,177.9316,2779.32,0.0,0.05372133,18614.58,2,2,0,2,88.9658,21.74,231,6,2.6,259,0,0.0,2776.259240937,0.0,0.0,0.0
133,21,30,25,5.0,3.0,17.5,90.0,True,True,False,177.9316,2779.32,0.0,0.05372133,18614.58,2,2,0,2,88.9658,21.74,231,6,2.6,259,0,0.0,2776.259240937,0.0,0.0,0.0
134,21,30,25,5.0,3.0,17.5,87.5,False,False,False,177.9316,2779.32,0.0,0.05372133,18614.58,2,2,0,2,88.9658,21.74,231,6,2.6,259,0,0.0,2776.259240937,0.0,0.0,0.0
135,21,36,25,5.0,2.0,17.5,87.5,False,True,True,177.9316,2779.32,0.0,0.05372133,18614.58,2,2,0,2,88.9658,21.74,231,6,2.6,254,0,0.0,2776.259240937,0.0,0.0,0.0
136,21,30,25,5.0,2.0,17.5,87.5,True,True,True,177.9316,2779.32,0.0,0.05372133,18614.58,2,2,0,2,88.9658,21.74,231,6,2.6,259,0,0.0,2776.259240937,0.0,0.0,0.0
137,21,30,25,5.0,3.0,17.5,90.0,True,False,True,177.9316,2779.32,0.0,0.05372133,18614.58,2,2,0,2,88.9658,21.74,231,6,2.6,259,0,0.0,2776.259240937,0.0,0.0,0.0
138,21,30,25,5.0,4.0,17.5,87.5,False,True,False,177.9316,2779.32,0.0,0.05372133,18614.58,2,2,0,2,88.9658,21.74,231,6,2.6,259,0,0.0,2776.259240937,0.0,0.0,0.0
139,21,24,25,5.0,4.0,17.5,90.0,True,True,True,177.9316,2779.32,0.0,0.05372133,18614.58,2,2,0,2,88.9658,21.74,235,6,2.6,263,0,0.0,2776.259240937,0.0,0.0,0.0
140,21,24,25,5.0,3.5,17.5,90.0,True,True,False,177.9316,2779.32,0.0,0.05372133,18614.58,2,2,0,2,88.9658,21.74,235,6,2.6,263,0,0.0,2776.259240937,0.0,0.0,0.0
141,21,24,25,5.0,3.5,17.5,87.5,False,False,False,177.9316,2779.32,0.0,0.05372133,18614.58,2,2,0,2,88.9658,21.74,235,6,2.6,263,0,0.0,2776.259240937,0.0,0.0,0.0
142,21,30,25,5.0,0.5,17.5,87.5,False,True,False,177.9316,2779.32,0.0,0.05372133,18614.58,2,2,0,2,88.9658,21.74,231,6,2.6,259,0,0.0,2776.259240937,0.0,0.0,0.0
143,21,30,25,5.0,0.5,17.5,90.0,True,False,True,177.9316,2779.32,0.0,0.05372133,18614.58,2,2,0,2,88.9658,21.74,231,6,2.6,259,0,0.0,2776.259240937,0.0,0.0,0.0
144,21,30,25,5.0,3.0,17.5,87.5,True,True,True,177.9316,2779.32,0.0,0.05372133,18614.58,2,2,0,2,88.9658,21.74,231,6,2.6,259,0,0.0,2776.259240937,0.0,0.0,0.0
145,21,30,25,5.0,3.0,17.5,87.5,True,True,False,177.9316,2779.32,0.0,0.05372133,18614.58,2,2,0,2,88.9658,21.74,231,6,2.6,259,0,0.0,2776.259240937,0.0,0.0,0.0
146,21,36,25,5.0,1.0,17.5,90.0,False,True,True,177.9316,2779.32,0.0,0.05372133,18614.58,2,2,0,2,88.9658,21.74,231,6,2.6,254,0,0.0,2776.259240937,0.0,0.0,0.0
147,21,30,25,5.0,2.0,17.5,90.0,False,False,False,177.9316,2779.32,0.0,0.05372133,18614.58,2,2,0,2,88.9658,21.74,231,6,2.6,259,0,0.0,2776.259240937,0.0,0.0,0.0
148,21,42,25,5.0,1.0,17.5,87.5,True,False,True,177.9316,2779.32,0.0,0.05372133,18614.58,2,2,0,2,88.9658,21.74,229,6,2.6,253,0,0.0,2776.259240937,0.0,0.0,0.0
149,21,30,25,5.0,3.0,17.5,87.5,False,False,True,177.9316,2779.32,0.0,0.05372133,18614.58,2,2,0,2,88.9658,21.74,231,6,2.6,259,0,0.0,2776.259240937,0.0,0.0,0.0
150,21,24,25,5.0,4.0,17.5,90.0,False,True,False,177.9316,2779.32,0.0,0.05372133,18614.58,2,2,0,2,88.9658,21.74,235,6,2.6,263,0,0.0,2776.259240937,0.0,0.0,0.0
151,21,30,25,5.0,0.5,17.5,87.5,True,True,True,177.9316,2779.32,0.0,0.05372133,18614.58,2,2,0,2,88.9658,21.74,231,6,2.6,259,0,0.0,2776.259240937,0.0,0.0,0.0
152,21,30,25,5.0,1.5,17.5,87.5,False,False,True,177.9316,2779.32,0.0,0.05372133,18614.58,2,2,0,2,88.9658,21.74,231,6,2.6,259,0,0.0,2776.259240937,0.0,0.0,0.0
153,21,30,25,5.0,3.0,17.5,90.0,False,False,True,177.9316,2779.32,0.0,0.05372133,18614.58,2,2,0,2,88.9658,21.74,231,6,2.6,259,0,0.0,2776.259240937,0.0,0.0,0.0
154,21,36,25,5.0,2.5,17.5,87.5,True,False,False,177.9316,2779.32,0.0,0.05372133,18614.58,2,2,0,2,88.9658,21.74,231,6,2.6,254,0,0.0,2776.259240937,0.0,0.0,0.0
155,21,30,25,5.0,2.0,17.5,87.5,False,True,True,177.9316,2779.32,0.0,0.05372133,18614.58,2,2,0,2,88.9658,21.74,231,6,2.6,259,0,0.0,2776.259240937,0.0,0.0,0.0
156,21,30,25,5.0,2.0,17.5,90.0,False,True,False,177.9316,2779.32,0.0,0.05372133,18614.58,2,2,0,2,88.9658,21.74,231,6,2.6,259,0,0.0,2776.259240937,0.0,0.0,0.0
157,21,36,25,5.0,0.5,17.5,90.0,False,True,False,177.9316,2779.32,0.0,0.05372133,18614.58,2,2,0,2,88.9658,21.74,231,6,2.6,254,0,0.0,2776.259240937,0.0,0.0,0.0
158,21,30,25,5.0,0.5,17.5,87.5,False,True,True,177.9316,2779.32,0.0,0.05372133,18614.58,2,2,0,2,88.9658,21.74,231,6,2.6,259,0,0.0,2776.259240937,0.0,0.0,0.0
159,21,36,25,5.0,1.0,17.5,87.5,True,False,False,177.9316,2779.32,0.0,0.05372133,18614.58,2,2,0,2,88.9658,21.74,231,6,2.6,254,0,0.0,2776.259240937,0.0,0.0,0.0
160,21,30,25,5.0,2.5,17.5,87.5,False,True,True,177.9316,2779.32,0.0,0.05372133,18614.58,2,2,0,2,88.9658,21.74,231,6,2.6,259,0,0.0,2776.259240937,0.0,0.0,0.0
161,21,36,25,5.0,2.0,17.5,90.0,True,False,False,177.9316,2779.32,0.0,0.05372133,18614.58,2,2,0,2,88.9658,21.74,231,6,2.6,254,0,0.0,2776.259240937,0.0,0.0,0.0
162,21,36,25,5.0,3.5,17.5,90.0,False,False,False,177.9316,2779.32,0.0,0.05372133,18614.58,2,2,0,2,88.9658,21.74,231,6,2.6,254,0,0.0,2776.259240937,0.0,0.0,0.0
163,21,24,25,5.0,3.5,17.5,87.5,False,False,True,177.9316,2779.32,0.0,0.05372133,18614.58,2,2,0,2,88.9658,21.74,235,6,2.6,263,0,0.0,2776.259240937,0.0,0.0,0.0
164,21,24,25,5.0,3.0,17.5,90.0,False,False,False,177.9316,2779.32,0.0,0.05372133,18614.58,2,2,0,2,88.9658,21.74,235,6,2.6,263,0,0.0,2776.259240937,0.0,0.0,0.0
165,21,42,25,5.0,1.5,17.5,87.5,True,True,False,177.9316,2779.32,0.0,0.05372133,18614.58,2,2,0,2,88.9658,21.74,229,6,2.6,253,0,0.0,2776.259240937,0.0,0.0,0.0
166,21,30,25,5.0,3.5,17.5,87.5,True,False,True,177.9316,2779.32,0.0,0.05372133,18614.58,2,2,0,2,88.9658,21.74,231,6,2.6,259,0,0.0,2776.259240937,0.0,0.0,0.0
167,21,30,25,5.0,3.5,17.5,90.0,False,True,True,177.9316,2779.32,0.0,0.05372133,18614.58,2,2,0,2,88.9658,21.74,231,6,2.6,259,0,0.0,2776.259240937,0.0,0.0,0.0
168,21,30,25,5.0,2.5,17.5,87.5,False,False,True,177.9316,2779.32,0.0,0.05372133,18614.58,2,2,0,2,88.9658,21.74,231,6,2.6,259,0,0.0,2776.259240937,0.0,0.0,0.0
169,21,36,25,5.0,1.5,17.5,87.5,False,False,False,177.9316,2779.32,0.0,0.05372133,18614.58,2,2,0,2,88.9658,21.74,231,6,2.6,254,0,0.0,2776.259240937,0.0,0.0,0.0
170,21,36,25,5.0,3.0,17.5,90.0,False,False,False,177.9316,2779.32,0.0,0.05372133,18614.58,2,2,0,2,88.9658,21.74,231,6,2.6,254,0,0.0,2776.259240937,0.0,0.0,0.0
171,21,24,25,5.0,2.5,17.5,87.5,True,True,False,177.9316,2779.32,0.0,0.05372133,18614.58,2,2,0,2,88.9658,21.74,235,6,2.6,263,0,0.0,2776.259240937,0.0,0.0,0.0
172,21,24,25,5.0,2.5,17.5,90.0,False,False,False,177.9316,2779.32,0.0,0.05372133,18614.58,2,2,0,2,88.9658,21.74,235,6,2.6,263,0,0.0,2776.259240937,0.0,0.0,0.0
173,21,24,25,5.0,2.5,17.5,87.5,True,True,True,177.9316,2779.32,0.0,0.05372133,18614.58,2,2,0,2,88.9658,21.74,235,6,2.6,263,0,0.0,2776.259240937,0.0,0.0,0.0
174,21,36,25,5.0,1.5,17.5,87.5,True,False,True,177.9316,2779.32,0.0,0.05372133,18614.58,2,2,0,2,88.9658,21.74,231,6,2.6,254,0,0.0,2776.259240937,0.0,0.0,0.0
175,21,36,25,5.0,2.0,17.5,87.5,False,False,True,177.9316,2779.32,0.0,0.05372133,18614.58,2,2,0,2,88.9658,21.74,231,6,2.6,254,0,0.0,2776.259240937,0.0,0.0,0.0
176,21,36,25,5.0,0.5,17.5,87.5,True,True,True,177.9316,2779.32,0.0,0.05372133,18614.58,2,2,0,2,88.9658,21.74,231,6,2.6,254,0,0.0,2776.259240937,0.0,0.0,0.0
177,21,30,25,5.0,4.0,17.5,90.0,True,False,True,177.9316,2779.32,0.0,0.05372133,18614.58,2,2,0,2,88.9658,21.74,231,6,2.6,259,0,0.0,2776.259240937,0.0,0.0,0.0
178,21,36,25,5.0,0.5,17.5,87.5,True,False,True,177.9316,2779.32,0.0,0.05372133,18614.58,2,2,0,2,88.9658,21.74,231,6,2.6,254,0,0.0,2776.259240937,0.0,0.0,0.0
179,21,36,25,5.0,3.5,17.5,87.5,True,True,False,177.9316,2779.32,0.0,0.05372133,18614.58,2,2,0,2,88.9658,21.74,231,6,2.6,254,0,0.0,2776.259240937,0.0,0.0,0.0
180,21,36,25,5.0,1.0,17.5,87.5,False,False,True,177.9316,2779.32,0.0,0.05372133,18614.58,2,2,0,2,88.9658,21.74,231,6,2.6,254,0,0.0,2776.259240937,0.0,0.0,0.0
181,21,30,25,5.0,2.0,17.5,87.5,True,False,False,177.9316,2779.32,0.0,0.05372133,18614.58,2,2,0,2,88.9658,21.74,231,6,2.6,259,0,0.0,2776.259240937,0.0,0.0,0.0
182,21,30,25,5.0,1.0,17.5,87.5,True,False,False,177.9316,2779.32,0.0,0.05372133,18614.58,2,2,0,2,88.9658,21.74,231,6,2.6,259,0,0.0,2776.259240937,0.0,0.0,0.0
183,21,30,25,5.0,2.5,17.5,90.0,True,True,False,177.9316,2779.32,0.0,0.05372133,18614.58,2,2,0,2,88.9658,21.74,231,6,2.6,259,0,0.0,2776.259240937,0.0,0.0,0.0
184,21,30,25,5.0,0.5,17.5,90.0,False,True,True,177.9316,2779.32,0.0,0.05372133,18614.58,2,2,0,2,88.9658,21.74,231,6,2.6,259,0,0.0,2776.259240937,0.0,0.0,0.0
185,21,30,25,5.0,1.5,17.5,87.5,True,False,True,177.9316,2779.32,0.0,0.05372133,18614.58,2,2,0,2,88.9658,21.74,231,6,2.6,259,0,0.0,2776.259240937,0.0,0.0,0.0
186,21,30,25,5.0,2.0,17.5,87.5,False,False,False,177.9316,2779.32,0.0,0.05372133,18614.58,2,2,0,2,88.9658,21.74,231,6,2.6,259,0,0.0,2776.259240937,0.0,0.0,0.0
187,21,36,25,5.0,4.0,17.5,90.0,False,False,True,177.9316,2779.32,0.0,0.05372133,18614.58,2,2,0,2,88.9658,21.74,231,6,2.6,254,0,0.0,2776.259240937,0.0,0.0,0.0
188,21,30,25,5.0,3.5,17.5,90.0,False,False,False,177.9316,2779.32,0.0,0.05372133,18614.58,2,2,0,2,88.9658,21.74,231,6,2.6,259,0,0.0,2776.259240937,0.0,0.0,0.0
189,21,24,25,5.0,3.5,17.5,87.5,True,False,True,177.9316,2779.32,0.0,0.05372133,18614.58,2,2,0,2,88.9658,21.74,235,6,2.6,263,0,0.0,2776.259240937,0.0,0.0,0.0
190,21,36,25,5.0,0.5,17.5,87.5,False,True,False,177.9316,2779.32,0.0,0.05372133,18614.58,2,2,0,2,88.9658,21.74,231,6,2.6,254,0,0.0,2776.259240937,0.0,0.0,0.0
191,21,24,25,5.0,3.0,17.5,87.5,True,False,False,177.9316,2779.32,0.0,0.05372133,18614.58,2,2,0,2,88.9658,21.74,235,6,2.6,263,0,0.0,2776.259240937,0.0,0.0,0.0
192,21,36,25,5.0,2.5,17.5,90.0,False,False,False,177.9316,2779.32,0.0,0.05372133,18614.58,2,2,0,2,88.9658,21.74,231,6,2.6,254,0,0.0,2776.259240937,0.0,0.0,0.0
193,21,24,25,5.0,4.0,17.5,87.5,False,True,False,177.9316,2779.32,0.0,0.05372133,18614.58,2,2,0,2,88.9658,21.74,235,6,2.6,263,0,0.0,2776.259240937,0.0,0.0,0.0
194,21,24,25,5.0,3.0,17.5,87.5,True,False,True,177.9316,2779.32,0.0,0.05372133,18614.58,2,2,0,2,88.9658,21.74,235,6,2.6,263,0,0.0,2776.259240937,0.0,0.0,0.0
195,21,24,25,5.0,3.5,17.5,87.5,True,True,True,177.9316,2779.32,0.0,0.05372133,18614.58,2,2,0,2,88.9658,21.74,235,6,2.6,263,0,0.0,2776.259240937,0.0,0.0,0.0
196,21,30,25,5.0,2.5,17.5,90.0,True,False,False,177.9316,2779.32,0.0,0.05372133,18614.58,2,2,0,2,88.9658,21.74,231,6,2.6,259,0,0.0,2776.259240937,0.0,0.0,0.0
197,21,30,25,5.0,0.5,17.5,87.5,False,False,False,177.9316,2779.32,0.0,0.05372133,18614.58,2,2,0,2,88.9658,21.74,231,6,2.6,259,0,0.0,2776.259240937,0.0,0.0,0.0
198,21,30,25,5.0,1.5,17.5,87.5,False,True,False,177.9316,2779.32,0.0,0.05372133,18614.58,2,2,0,2,88.9658,21.74,231,6,2.6,259,0,0.0,2776.259240937,0.0,0.0,0.0
199,21,30,25,5.0,2.0,17.5,90.0,False,True,True,177.9316,2779.32,0.0,0.05372133,18614.58,2,2,0,2,88.9658,21.74,231,6,2.6,259,0,0.0,2776.259240937,0.0,0.0,0.0
200,21,30,25,5.0,3.5,17.5,90.0,True,False,True,177.9316,2779.32,0.0,0.05372133,18614.58,2,2,0,2,88.9658,21.74,231,6,2.6,259,0,0.0,2776.259240937,0.0,0.0,0.0
201,21,30,25,5.0,2.5,17.5,90.0,False,True,False,177.9316,2779.32,0.0,0.05372133,18614.58,2,2,0,2,88.9658,21.74,231,6,2.6,259,0,0.0,2776.259240937,0.0,0.0,0.0
202,21,30,25,5.0,1.0,17.5,87.5,True,True,False,177.9316,2779.32,0.0,0.05372133,18614.58,2,2,0,2,88.9658,21.74,231,6,2.6,259,0,0.0,2776.259240937,0.0,0.0,0.0
203,21,30,25,5.0,1.0,17.5,90.0,True,True,False,177.9316,2779.32,0.0,0.05372133,18614.58,2,2,0,2,88.9658,21.74,231,6,2.6,259,0,0.0,2776.259240937,0.0,0.0,0.0
204,21,30,25,5.0,2.0,17.5,87.5,False,True,False,177.9316,2779.32,0.0,0.05372133,18614.58,2,2,0,2,88.9658,21.74,231,6,2.6,259,0,0.0,2776.259240937,0.0,0.0,0.0
205,21,30,25,5.0,1.5,17.5,90.0,False,False,False,177.9316,2779.32,0.0,0.05372133,18614.58,2,2,0,2,88.9658,21.74,231,6,2.6,259,0,0.0,2776.259240937,0.0,0.0,0.0
206,21,30,25,5.0,1.5,17.5,87.5,True,True,False,177.9316,2779.32,0.0,0.05372133,18614.58,2,2,0,2,88.9658,21.74,231,6,2.6,259,0,0.0,2776.259240937,0.0,0.0,0.0
207,21,24,25,5.0,4.0,17.5,87.5,False,False,True,177.9316,2779.32,0.0,0.05372133,18614.58,2,2,0,2,88.9658,21.74,235,6,2.6,263,0,0.0,2776.259240937,0.0,0.0,0.0
208,21,30,25,5.0,2.5,17.5,87.5,True,True,True,177.9316,2779.32,0.0,0.05372133,18614.58,2,2,0,2,88.9658,21.74,231,6,2.6,259,0,0.0,2776.259240937,0.0,0.0,0.0
209,21,24,25,5.0,2.0,17.5,90.0,False,False,False,177.9316,2779.32,0.0,0.05372133,18614.58,2,2,0,2,88.9658,21.74,235,6,2.6,263,0,0.0,2776.259240937,0.0,0.0,0.0
210,21,24,25,5.0,1.5,17.5,90.0,True,False,True,177.9316,2779.32,0.0,0.05372133,18614.58,2,2,0,2,88.9658,21.74,235,6,2.6,263,0,0.0,2776.259240937,0.0,0.0,0.0
211,21,24,25,5.0,4.0,17.5,90.0,True,False,False,177.9316,2779.32,0.0,0.05372133,18614.58,2,2,0,2,88.9658,21.74,235,6,2.6,263,0,0.0,2776.259240937,0.0,0.0,0.0
212,21,30,25,5.0,1.0,17.5,90.0,True,True,True,177.9316,2779.32,0.0,0.05372133,18614.58,2,2,0,2,88.9658,21.74,231,6,2.6,259,0,0.0,2776.259240937,0.0,0.0,0.0
213,21,30,25,5.0,1.0,17.5,87.5,False,True,True,177.9316,2779.32,0.0,0.05372133,18614.58,2,2,0,2,88.9658,21.74,231,6,2.6,259,0,0.0,2776.259240937,0.0,0.0,0.0
214,21,30,25,5.0,2.0,17.5,90.0,False,False,True,177.9316,2779.32,0.0,0.05372133,18614.58,2,2,0,2,88.9658,21.74,231,6,2.6,259,0,0.0,2776.259240937,0.0,0.0,0.0
215,21,42,25,5.0,0.5,17.5,90.0,False,False,True,177.9316,2779.32,0.0,0.05372133,18614.58,2,2,0,2,88.9658,21.74,229,6,2.6,253,0,0.0,2776.259240937,0.0,0.0,0.0
216,21,30,25,5.0,2.5,17.5,90.0,True,False,True,177.9316,2779.32,0.0,0.05372133,18614.58,2,2,0,2,88.9658,21.74,231,6,2.6,259,0,0.0,2776.259240937,0.0,0.0,0.0
217,21,36,25,5.0,1.0,17.5,90.0,True,False,False,177.9316,2779.32,0.0,0.05372133,18614.58,2,2,0,2,88.9658,21.74,231,6,2.6,254,0,0.0,2776.259240937,0.0,0.0,0.0
218,21,30,25,5.0,1.5,17.5,90.0,False,True,False,177.9316,2779.32,0.0,0.05372133,18614.58,2,2,0,2,88.9658,21.74,231,6,2.6,259,0,0.0,2776.259240937,0.0,0.0,0.0
219,21,30,25,5.0,4.0,17.5,87.5,False,True,True,177.9316,2779.32,0.0,0.05372133,18614.58,2,2,0,2,88.9658,21.74,231,6,2.6,259,0,0.0,2776.259240937,0.0,0.0,0.0
220,21,36,25,5.0,1.5,17.5,87.5,True,False,False,177.9316,2779.32,0.0,0.05372133,18614.58,2,2,0,2,88.9658,21.74,231,6,2.6,254,0,0.0,2776.259240937,0.0,0.0,0.0
221,21,30,25,5.0,1.0,17.5,90.0,False,False,True,177.9316,2779.32,0.0,0.05372133,18614.58,2,2,0,2,88.9658,21.74,231,6,2.6,259,0,0.0,2776.259240937,0.0,0.0,0.0
222,21,24,25,5.0,3.0,17.5,87.5,False,True,False,177.9316,2779.32,0.0,0.05372133,18614.58,2,2,0,2,88.9658,21.74,235,6,2.6,263,0,0.0,2776.259240937,0.0,0.0,0.0
223,21,30,25,5.0,4.0,17.5,90.0,False,True,True,177.9316,2779.32,0.0,0.05372133,18614.58,2,2,0,2,88.9658,21.74,231,6,2.6,259,0,0.0,2776.259240937,0.0,0.0,0.0
224,21,36,25,5.0,1.5,17.5,90.0,False,True,False,177.9316,2779.32,0.0,0.05372133,18614.58,2,2,0,2,88.9658,21.74,231,6,2.6,254,0,0.0,2776.259240937,0.0,0.0,0.0
225,21,36,25,5.0,1.0,17.5,87.5,False,False,False,177.9316,2779.32,0.0,0.05372133,18614.58,2,2,0,2,88.9658,21.74,231,6,2.6,254,0,0.0,2776.259240937,0.0,0.0,0.0
226,21,36,25,5.0,2.5,17.5,90.0,False,True,True,177.9316,2779.32,0.0,0.05372133,18614.58,2,2,0,2,88.9658,21.74,231,6,2.6,254,0,0.0,2776.259240937,0.0,0.0,0.0
227,21,24,25,5.0,2.5,17.5,90.0,True,False,False,177.9316,2779.32,0.0,0.05372133,18614.58,2,2,0,2,88.9658,21.74,235,6,2.6,263,0,0.0,2776.259240937,0.0,0.0,0.0
228,21,30,25,5.0,2.0,17.5,90.0,True,True,True,177.9316,2779.32,0.0,0.05372133,18614.58,2,2,0,2,88.9658,21.74,231,6,2.6,259,0,0.0,2776.259240937,0.0,0.0,0.0
229,21,24,25,5.0,3.0,17.5,87.5,True,True,False,177.9316,2779.32,0.0,0.05372133,18614.58,2,2,0,2,88.9658,21.74,235,6,2.6,263,0,0.0,2776.259240937,0.0,0.0,0.0
230,21,30,25,5.0,4.0,17.5,87.5,True,False,False,177.9316,2779.32,0.0,0.05372133,18614.58,2,2,0,2,88.9658,21.74,231,6,2.6,259,0,0.0,2776.259240937,0.0,0.0,0.0
231,21,30,25,5.0,3.0,17.5,90.0,False,True,True,177.9316,2779.32,0.0,0.05372133,18614.58,2,2,0,2,88.9658,21.74,231,6,2.6,259,0,0.0,2776.259240937,0.0,0.0,0.0
232,21,30,25,5.0,0.5,17.5,90.0,False,False,True,177.9316,2779.32,0.0,0.05372133,18614.58,2,2,0,2,88.9658,21.74,231,6,2.6,259,0,0.0,2776.259240937,0.0,0.0,0.0
233,21,42,25,5.0,1.0,17.5,87.5,False,False,False,177.9316,2779.32,0.0,0.05372133,18614.58,2,2,0,2,88.9658,21.74,229,6,2.6,253,0,0.0,2776.259240937,0.0,0.0,0.0
234,21,30,25,5.0,1.0,17.5,90.0,False,False,False,177.9316,2779.32,0.0,0.05372133,18614.58,2,2,0,2,88.9658,21.74,231,6,2.6,259,0,0.0,2776.259240937,0.0,0.0,0.0
235,21,36,25,5.0,1.5,17.5,90.0,True,False,False,177.9316,2779.32,0.0,0.05372133,18614.58,2,2,0,2,88.9658,21.74,231,6,2.6,254,0,0.0,2776.259240937,0.0,0.0,0.0
236,21,30,25,5.0,2.5,17.5,87.5,False,True,False,177.9316,2779.32,0.0,0.05372133,18614.58,2,2,0,2,88.9658,21.74,231,6,2.6,259,0,0.0,2776.259240937,0.0,0.0,0.0
237,21,30,25,5.0,4.0,17.5,87.5,True,True,False,177.9316,2779.32,0.0,0.05372133,18614.58,2,2,0,2,88.9658,21.74,231,6,2.6,259,0,0.0,2776.259240937,0.0,0.0,0.0
238,21,30,25,5.0,1.5,17.5,90.0,False,False,True,177.9316,2779.32,0.0,0.05372133,18614.58,2,2,0,2,88.9658,21.74,231,6,2.6,259,0,0.0,2776.259240937,0.0,0.0,0.0
239,21,24,25,5.0,3.0,17.5,90.0,True,True,True,177.9316,2779.32,0.0,0.05372133,18614.58,2,2,0,2,88.9658,21.74,235,6,2.6,263,0,0.0,2776.259240937,0.0,0.0,0.0
240,21,24,25,5.0,4.0,17.5,87.5,False,True,True,177.9316,2779.32,0.0,0.05372133,18614.58,2,2,0,2,88.9658,21.74,235,6,2.6,263,0,0.0,2776.259240937,0.0,0.0,0.0
241,21,30,25,5.0,0.5,17.5,90.0,True,True,True,177.9316,2779.32,0.0,0.05372133,18614.58,2,2,0,2,88.9658,21.74,231,6,2.6,259,0,0.0,2776.259240937,0.0,0.0,0.0
242,21,30,25,5.0,0.5,17.5,90.0,True,False,False,177.9316,2779.32,0.0,0.05372133,18614.58,2,2,0,2,88.9658,21.74,231,6,2.6,259,0,0.0,2776.259240937,0.0,0.0,0.0
243,21,42,25,5.0,1.0,17.5,90.0,True,False,True,177.9316,2779.32,0.0,0.05372133,18614.58,2,2,0,2,88.9658,21.74,229,6,2.6,253,0,0.0,2776.259240937,0.0,0.0,0.0
244,21,36,25,5.0,0.5,17.5,87.5,True,True,False,177.9316,2779.32,0.0,0.05372133,18614.58,2,2,0,2,88.9658,21.74,231,6,2.6,254,0,0.0,2776.259240937,0.0,0.0,0.0
245,21,30,25,5.0,1.5,17.5,90.0,True,False,False,177.9316,2779.32,0.0,0.05372133,18614.58,2,2,0,2,88.9658,21.74,231,6,2.6,259,0,0.0,2776.259240937,0.0,0.0,0.0
246,21,24,25,5.0,4.0,17.5,90.0,True,True,False,177.9316,2779.32,0.0,0.05372133,18614.58,2,2,0,2,88.9658,21.74,235,6,2.6,263,0,0.0,2776.259240937,0.0,0.0,0.0
247,21,30,25,5.0,1.0,17.5,90.0,True,False,True,177.9316,2779.32,0.0,0.05372133,18614.58,2,2,0,2,88.9658,21.74,231,6,2.6,259,0,0.0,2776.259240937,0.0,0.0,0.0
248,21,36,25,5.0,0.5,17.5,90.0,False,False,True,177.9316,2779.32,0.0,0.05372133,18614.58,2,2,0,2,88.9658,21.74,231,6,2.6,254,0,0.0,2776.259240937,0.0,0.0,0.0
249,21,30,25,5.0,1.5,17.5,87.5,False,True,True,177.9316,2779.32,0.0,0.05372133,18614.58,2,2,0,2,88.9658,21.74,231,6,2.6,259,0,0.0,2776.259240937,0.0,0.0,0.0
250,21,30,25,5.0,1.5,17.5,90.0,True,False,True,177.9316,2779.32,0.0,0.05372133,18614.58,2,2,0,2,88.9658,21.74,231,6,2.6,259,0,0.0,2776.259240937,0.0,0.0,0.0
251,21,42,25,5.0,2.0,17.5,87.5,False,False,True,177.9316,2779.32,0.0,0.05372133,18614.58,2,2,0,2,88.9658,21.74,229,6,2.6,253,0,0.0,2776.259240937,0.0,0.0,0.0
252,21,42,25,5.0,2.5,17.5,90.0,False,False,False,177.9316,2779.32,0.0,0.05372133,18614.58,2,2,0,2,88.9658,21.74,229,6,2.6,253,0,0.0,2776.259240937,0.0,0.0,0.0
253,21,36,25,5.0,4.0,17.5,90.0,True,True,False,177.9316,2779.32,0.0,0.05372133,18614.58,2,2,0,2,88.9658,21.74,231,6,2.6,254,0,0.0,2776.259240937,0.0,0.0,0.0
254,21,42,25,5.0,1.5,17.5,90.0,False,True,False,177.9316,2779.32,0.0,0.05372133,18614.58,2,2,0,2,88.9658,21.74,229,6,2.6,253,0,0.0,2776.259240937,0.0,0.0,0.0
255,21,30,25,5.0,2.5,17.5,87.5,True,False,True,177.9316,2779.32,0.0,0.05372133,18614.58,2,2,0,2,88.9658,21.74,231,6,2.6,259,0,0.0,2776.259240937,0.0,0.0,0.0
256,21,36,25,5.0,3.0,17.5,87.5,False,True,False,177.9316,2779.32,0.0,0.05372133,18614.58,2,2,0,2,88.9658,21.74,231,6,2.6,254,0,0.0,2776.259240937,0.0,0.0,0.0
257,21,36,25,5.0,2.0,17.5,90.0,True,True,False,177.9316,2779.32,0.0,0.05372133,18614.58,2,2,0,2,88.9658,21.74,231,6,2.6,254,0,0.0,2776.259240937,0.0,0.0,0.0
258,21,36,25,5.0,3.5,17.5,87.5,False,True,True,177.9316,2779.32,0.0,0.05372133,18614.58,2,2,0,2,88.9658,21.74,231,6,2.6,254,0,0.0,2776.259240937,0.0,0.0,0.0
259,21,42,25,5.0,2.5,17.5,90.0,False,False,True,177.9316,2779.32,0.0,0.05372133,18614.58,2,2,0,2,88.9658,21.74,229,6,2.6,253,0,0.0,2776.259240937,0.0,0.0,0.0
260,21,36,25,5.0,3.5,17.5,87.5,True,True,True,177.9316,2779.32,0.0,0.05372133,18614.58,2,2,0,2,88.9658,21.74,231,6,2.6,254,0,0.0,2776.259240937,0.0,0.0,0.0
261,21,36,25,5.0,4.0,17.5,87.5,True,True,True,177.9316,2779.32,0.0,0.05372133,18614.58,2,2,0,2,88.9658,21.74,231,6,2.6,254,0,0.0,2776.259240937,0.0,0.0,0.0
262,21,42,25,5.0,2.5,17.5,87.5,False,True,False,177.9316,2779.32,0.0,0.05372133,18614.58,2,2,0,2,88.9658,21.74,229,6,2.6,253,0,0.0,2776.259240937,0.0,0.0,0.0
263,21,30,25,5.0,4.0,17.5,90.0,False,False,True,177.9316,2779.32,0.0,0.05372133,18614.58,2,2,0,2,88.9658,21.74,231,6,2.6,259,0,0.0,2776.259240937,0.0,0.0,0.0
264,21,36,25,5.0,1.5,17.5,90.0,False,False,False,177.9316,2779.32,0.0,0.05372133,18614.58,2,2,0,2,88.9658,21.74,231,6,2.6,254,0,0.0,2776.259240937,0.0,0.0,0.0
265,21,36,25,5.0,1.5,17.5,90.0,True,True,True,177.9316,2779.32,0.0,0.05372133,18614.58,2,2,0,2,88.9658,21.74,231,6,2.6,254,0,0.0,2776.259240937,0.0,0.0,0.0
266,21,36,25,5.0,1.5,17.5,87.5,True,True,True,177.9316,2779.32,0.0,0.05372133,18614.58,2,2,0,2,88.9658,21.74,231,6,2.6,254,0,0.0,2776.259240937,0.0,0.0,0.0
267,21,30,25,5.0,3.5,17.5,87.5,True,True,True,177.9316,2779.32,0.0,0.05372133,18614.58,2,2,0,2,88.9658,21.74,231,6,2.6,259,0,0.0,2776.259240937,0.0,0.0,0.0
268,21,42,25,5.0,2.5,17.5,90.0,True,True,True,177.9316,2779.32,0.0,0.05372133,18614.58,2,2,0,2,88.9658,21.74,229,6,2.6,253,0,0.0,2776.259240937,0.0,0.0,0.0
269,21,36,25,5.0,4.0,17.5,90.0,False,True,True,177.9316,2779.32,0.0,0.05372133,18614.58,2,2,0,2,88.9658,21.74,231,6,2.6,254,0,0.0,2776.259240937,0.0,0.0,0.0
270,21,42,25,5.0,1.5,17.5,87.5,True,False,False,177.9316,2779.32,0.0,0.05372133,18614.58,2,2,0,2,88.9658,21.74,229,6,2.6,253,0,0.0,2776.259240937,0.0,0.0,0.0
271,21,42,25,5.0,3.5,17.5,87.5,True,True,True,177.9316,2779.32,0.0,0.05372133,18614.58,2,2,0,2,88.9658,21.74,229,6,2.6,253,0,0.0,2776.259240937,0.0,0.0,0.0
272,21,42,25,5.0,3.0,17.5,87.5,False,False,True,177.9316,2779.32,0.0,0.05372133,18614.58,2,2,0,2,88.9658,21.74,229,6,2.6,253,0,0.0,2776.259240937,0.0,0.0,0.0
273,21,36,25,5.0,4.0,17.5,87.5,True,False,True,177.9316,2779.32,0.0,0.05372133,18614.58,2,2,0,2,88.9658,21.74,231,6,2.6,254,0,0.0,2776.259240937,0.0,0.0,0.0
274,21,36,25,5.0,3.0,17.5,87.5,True,False,True,177.9316,2779.32,0.0,0.05372133,18614.58,2,2,0,2,88.9658,21.74,231,6,2.6,254,0,0.0,2776.259240937,0.0,0.0,0.0
275,21,36,25,5.0,3.5,17.5,90.0,True,True,True,177.9316,2779.32,0.0,0.05372133,18614.58,2,2,0,2,88.9658,21.74,231,6,2.6,254,0,0.0,2776.259240937,0.0,0.0,0.0
276,21,42,25,5.0,1.0,17.5,90.0,True,False,False,177.9316,2779.32,0.0,0.05372133,18614.58,2,2,0,2,88.9658,21.74,229,6,2.6,253,0,0.0,2776.259240937,0.0,0.0,0.0
277,21,42,25,5.0,3.0,17.5,87.5,False,True,False,177.9316,2779.32,0.0,0.05372133,18614.58,2,2,0,2,88.9658,21.74,229,6,2.6,253,0,0.0,2776.259240937,0.0,0.0,0.0
278,21,42,25,5.0,3.5,17.5,87.5,False,False,True,177.9316,2779.32,0.0,0.05372133,18614.58,2,2,0,2,88.9658,21.74,229,6,2.6,253,0,0.0,2776.259240937,0.0,0.0,0.0
279,21,30,25,5.0,3.0,17.5,87.5,True,False,True,177.9316,2779.32,0.0,0.05372133,18614.58,2,2,0,2,88.9658,21.74,231,6,2.6,259,0,0.0,2776.259240937,0.0,0.0,0.0
280,21,30,25,5.0,4.0,17.5,90.0,True,False,False,177.9316,2779.32,0.0,0.05372133,18614.58,2,2,0,2,88.9658,21.74,231,6,2.6,259,0,0.0,2776.259240937,0.0,0.0,0.0
281,21,30,25,5.0,4.0,17.5,87.5,True,True,True,177.9316,2779.32,0.0,0.05372133,18614.58,2,2,0,2,88.9658,21.74,231,6,2.6,259,0,0.0,2776.259240937,0.0,0.0,0.0
282,21,42,25,5.0,2.5,17.5,87.5,True,True,True,177.9316,2779.32,0.0,0.05372133,18614.58,2,2,0,2,88.9658,21.74,229,6,2.6,253,0,0.0,2776.259240937,0.0,0.0,0.0
283,21,30,25,5.0,3.0,17.5,87.5,False,True,False,177.9316,2779.32,0.0,0.05372133,18614.58,2,2,0,2,88.9658,21.74,231,6,2.6,259,0,0.0,2776.259240937,0.0,0.0,0.0
284,21,36,25,5.0,1.0,17.5,90.0,True,True,False,177.9316,2779.32,0.0,0.05372133,18614.58,2,2,0,2,88.9658,21.74,231,6,2.6,254,0,0.0,2776.259240937,0.0,0.0,0.0
285,21,42,25,5.0,3.0,17.5,90.0,True,True,False,177.9316,2779.32,0.0,0.05372133,18614.58,2,2,0,2,88.9658,21.74,229,6,2.6,253,0,0.0,2776.259240937,0.0,0.0,0.0
286,21,36,25,5.0,2.5,17.5,87.5,False,False,True,177.9316,2779.32,0.0,0.05372133,18614.58,2,2,0,2,88.9658,21.74,231,6,2.6,254,0,0.0,2776.259240937,0.0,0.0,0.0
287,21,42,25,5.0,1.0,17.5,90.0,False,False,True,177.9316,2779.32,0.0,0.05372133,18614.58,2,2,0,2,88.9658,21.74,229,6,2.6,253,0,0.0,2776.259240937,0.0,0.0,0.0
288,21,42,25,5.0,2.0,17.5,90.0,False,False,True,177.9316,2779.32,0.0,0.05372133,18614.58,2,2,0,2,88.9658,21.74,229,6,2.6,253,0,0.0,2776.259240937,0.0,0.0,0.0
289,21,42,25,5.0,1.5,17.5,87.5,True,False,True,177.9316,2779.32,0.0,0.05372133,18614.58,2,2,0,2,88.9658,21.74,229,6,2.6,253,0,0.0,2776.259240937,0.0,0.0,0.0
290,21,36,25,5.0,0.5,17.5,90.0,True,True,False,177.9316,2779.32,0.0,0.05372133,18614.58,2,2,0,2,88.9658,21.74,231,6,2.6,254,0,0.0,2776.259240937,0.0,0.0,0.0
291,21,36,25,5.0,3.0,17.5,90.0,True,False,False,177.9316,2779.32,0.0,0.05372133,18614.58,2,2,0,2,88.9658,21.74,231,6,2.6,254,0,0.0,2776.259240937,0.0,0.0,0.0
292,21,36,25,5.0,3.5,17.5,90.0,False,True,True,177.9316,2779.32,0.0,0.05372133,18614.58,2,2,0,2,88.9658,21.74,231,6,2.6,254,0,0.0,2776.259240937,0.0,0.0,0.0
293,21,36,25,5.0,4.0,17.5,90.0,True,False,False,177.9316,2779.32,0.0,0.05372133,18614.58,2,2,0,2,88.9658,21.74,231,6,2.6,254,0,0.0,2776.259240937,0.0,0.0,0.0
294,21,36,25,5.0,1.5,17.5,90.0,False,True,True,177.9316,2779.32,0.0,0.05372133,18614.58,2,2,0,2,88.9658,21.74,231,6,2.6,254,0,0.0,2776.259240937,0.0,0.0,0.0
295,21,42,25,5.0,3.5,17.5,87.5,False,True,True,177.9316,2779.32,0.0,0.05372133,18614.58,2,2,0,2,88.9658,21.74,229,6,2.6,253,0,0.0,2776.259240937,0.0,0.0,0.0
296,21,36,25,5.0,4.0,17.5,90.0,False,True,False,177.9316,2779.32,0.0,0.05372133,18614.58,2,2,0,2,88.9658,21.74,231,6,2.6,254,0,0.0,2776.259240937,0.0,0.0,0.0
297,21,42,25,5.0,1.5,17.5,90.0,True,False,False,177.9316,2779.32,0.0,0.05372133,18614.58,2,2,0,2,88.9658,21.74,229,6,2.6,253,0,0.0,2776.259240937,0.0,0.0,0.0
298,21,42,25,5.0,2.0,17.5,87.5,False,False,False,177.9316,2779.32,0.0,0.05372133,18614.58,2,2,0,2,88.9658,21.74,229,6,2.6,253,0,0.0,2776.259240937,0.0,0.0,0.0
299,21,42,25,5.0,3.5,17.5,87.5,True,False,False,177.9316,2779.32,0.0,0.05372133,18614.58,2,2,0,2,88.9658,21.74,229,6,2.6,253,0,0.0,2776.259240937,0.0,0.0,0.0
300,21,42,25,5.0,3.5,17.5,90.0,True,False,False,177.9316,2779.32,0.0,0.05372133,18614.58,2,2,0,2,88.9658,21.74,229,6,2.6,253,0,0.0,2776.259240937,0.0,0.0,0.0
301,21,30,25,5.0,1.0,17.5,87.5,False,False,False,177.9316,2779.32,0.0,0.05372133,18614.58,2,2,0,2,88.9658,21.74,231,6,2.6,259,0,0.0,2776.259240937,0.0,0.0,0.0
302,21,30,25,5.0,1.0,17.5,87.5,False,False,True,177.9316,2779.32,0.0,0.05372133,18614.58,2,2,0,2,88.9658,21.74,231,6,2.6,259,0,0.0,2776.259240937,0.0,0.0,0.0
303,21,30,25,5.0,4.0,17.5,90.0,False,False,False,177.9316,2779.32,0.0,0.05372133,18614.58,2,2,0,2,88.9658,21.74,231,6,2.6,259,0,0.0,2776.259240937,0.0,0.0,0.0
304,21,42,25,5.0,3.0,17.5,87.5,False,True,True,177.9316,2779.32,0.0,0.05372133,18614.58,2,2,0,2,88.9658,21.74,229,6,2.6,253,0,0.0,2776.259240937,0.0,0.0,0.0
305,21,30,25,5.0,3.0,17.5,90.0,True,True,True,177.9316,2779.32,0.0,0.05372133,18614.58,2,2,0,2,88.9658,21.74,231,6,2.6,259,0,0.0,2776.259240937,0.0,0.0,0.0
306,21,36,25,5.0,2.5,17.5,87.5,True,True,True,177.9316,2779.32,0.0,0.05372133,18614.58,2,2,0,2,88.9658,21.74,231,6,2.6,254,0,0.0,2776.259240937,0.0,0.0,0.0
307,21,36,25,5.0,3.0,17.5,87.5,True,True,False,177.9316,2779.32,0.0,0.05372133,18614.58,2,2,0,2,88.9658,21.74,231,6,2.6,254,0,0.0,2776.259240937,0.0,0.0,0.0
308,21,42,25,5.0,0.5,17.5,90.0,False,True,False,177.9316,2779.32,0.0,0.05372133,18614.58,2,2,0,2,88.9658,21.74,229,6,2.6,253,0,0.0,2776.259240937,0.0,0.0,0.0
309,21,42,25,5.0,1.5,17.5,87.5,False,True,True,177.9316,2779.32,0.0,0.05372133,18614.58,2,2,0,2,88.9658,21.74,229,6,2.6,253,0,0.0,2776.259240937,0.0,0.0,0.0
310,21,42,25,5.0,1.0,17.5,90.0,False,True,True,177.9316,2779.32,0.0,0.05372133,18614.58,2,2,0,2,88.9658,21.74,229,6,2.6,253,0,0.0,2776.259240937,0.0,0.0,0.0
311,21,42,25,5.0,4.0,17.5,87.5,True,False,True,177.9316,2779.32,0.0,0.05372133,18614.58,2,2,0,2,88.9658,21.74,229,6,2.6,253,0,0.0,2776.259240937,0.0,0.0,0.0
312,21,36,25,5.0,1.0,17.5,87.5,True,True,False,177.9316,2779.32,0.0,0.05372133,18614.58,2,2,0,2,88.9658,21.74,231,6,2.6,254,0,0.0,2776.259240937,0.0,0.0,0.0
313,21,36,25,5.0,3.5,17.5,87.5,True,False,True,177.9316,2779.32,0.0,0.05372133,18614.58,2,2,0,2,88.9658,21.74,231,6,2.6,254,0,0.0,2776.259240937,0.0,0.0,0.0
314,21,42,25,5.0,3.5,17.5,90.0,True,True,True,177.9316,2779.32,0.0,0.05372133,18614.58,2,2,0,2,88.9658,21.74,229,6,2.6,253,0,0.0,2776.259240937,0.0,0.0,0.0
315,21,36,25,5.0,3.5,17.5,90.0,True,False,False,177.9316,2779.32,0.0,0.05372133,18614.58,2,2,0,2,88.9658,21.74,231,6,2.6,254,0,0.0,2776.259240937,0.0,0.0,0.0
316,21,36,25,5.0,1.5,17.5,87.5,False,True,False,177.9316,2779.32,0.0,0.05372133,18614.58,2,2,0,2,88.9658,21.74,231,6,2.6,254,0,0.0,2776.259240937,0.0,0.0,0.0
317,21,42,25,5.0,0.5,17.5,90.0,True,False,True,177.9316,2779.32,0.0,0.05372133,18614.58,2,2,0,2,88.9658,21.74,229,6,2.6,253,0,0.0,2776.259240937,0.0,0.0,0.0
318,21,36,25,5.0,0.5,17.5,90.0,True,False,False,177.9316,2779.32,0.0,0.05372133,18614.58,2,2,0,2,88.9658,21.74,231,6,2.6,254,0,0.0,2776.259240937,0.0,0.0,0.0
319,21,42,25,5.0,3.5,17.5,87.5,True,False,True,177.9316,2779.32,0.0,0.05372133,18614.58,2,2,0,2,88.9658,21.74,229,6,2.6,253,0,0.0,2776.259240937,0.0,0.0,0.0
320,21,42,25,5.0,1.0,17.5,90.0,False,True,False,177.9316,2779.32,0.0,0.05372133,18614.58,2,2,0,2,88.9658,21.74,229,6,2.6,253,0,0.0,2776.259240937,0.0,0.0,0.0
321,21,42,25,5.0,2.5,17.5,87.5,True,False,True,177.9316,2779.32,0.0,0.05372133,18614.58,2,2,0,2,88.9658,21.74,229,6,2.6,253,0,0.0,2776.259240937,0.0,0.0,0.0
322,21,36,25,5.0,0.5,17.5,90.0,True,False,True,177.9316,2779.32,0.0,0.05372133,18614.58,2,2,0,2,88.9658,21.74,231,6,2.6,254,0,0.0,2776.259240937,0.0,0.0,0.0
323,21,42,25,5.0,2.0,17.5,87.5,True,False,True,177.9316,2779.32,0.0,0.05372133,18614.58,2,2,0,2,88.9658,21.74,229,6,2.6,253,0,0.0,2776.259240937,0.0,0.0,0.0
324,21,42,25,5.0,3.5,17.5,90.0,True,True,False,177.9316,2779.32,0.0,0.05372133,18614.58,2,2,0,2,88.9658,21.74,229,6,2.6,253,0,0.0,2776.259240937,0.0,0.0,0.0
325,21,42,25,5.0,1.5,17.5,90.0,False,False,False,177.9316,2779.32,0.0,0.05372133,18614.58,2,2,0,2,88.9658,21.74,229,6,2.6,253,0,0.0,2776.259240937,0.0,0.0,0.0
326,21,42,25,5.0,3.0,17.5,90.0,True,False,True,177.9316,2779.32,0.0,0.05372133,18614.58,2,2,0,2,88.9658,21.74,229,6,2.6,253,0,0.0,2776.259240937,0.0,0.0,0.0
327,21,30,25,5.0,0.5,17.5,87.5,True,False,True,177.9316,2779.32,0.0,0.05372133,18614.58,2,2,0,2,88.9658,21.74,231,6,2.6,259,0,0.0,2776.259240937,0.0,0.0,0.0
328,21,36,25,5.0,4.0,17.5,90.0,True,False,True,177.9316,2779.32,0.0,0.05372133,18614.58,2,2,0,2,88.9658,21.74,231,6,2.6,254,0,0.0,2776.259240937,0.0,0.0,0.0
329,21,30,25,5.0,2.0,17.5,90.0,True,False,False,177.9316,2779.32,0.0,0.05372133,18614.58,2,2,0,2,88.9658,21.74,231,6,2.6,259,0,0.0,2776.259240937,0.0,0.0,0.0
330,21,30,25,5.0,3.5,17.5,90.0,False,True,False,177.9316,2779.32,0.0,0.05372133,18614.58,2,2,0,2,88.9658,21.74,231,6,2.6,259,0,0.0,2776.259240937,0.0,0.0,0.0
331,21,42,25,5.0,2.0,17.5,90.0,False,True,True,177.9316,2779.32,0.0,0.05372133,18614.58,2,2,0,2,88.9658,21.74,229,6,2.6,253,0,0.0,2776.259240937,0.0,0.0,0.0
332,21,42,25,5.0,1.5,17.5,87.5,False,False,True,177.9316,2779.32,0.0,0.05372133,18614.58,2,2,0,2,88.9658,21.74,229,6,2.6,253,0,0.0,2776.259240937,0.0,0.0,0.0
333,21,36,25,5.0,3.0,17.5,87.5,False,True,True,177.9316,2779.32,0.0,0.05372133,18614.58,2,2,0,2,88.9658,21.74,231,6,2.6,254,0,0.0,2776.259240937,0.0,0.0,0.0
334,21,42,25,5.0,2.5,17.5,90.0,False,True,True,177.9316,2779.32,0.0,0.05372133,18614.58,2,2,0,2,88.9658,21.74,229,6,2.6,253,0,0.0,2776.259240937,0.0,0.0,0.0
335,21,42,25,5.0,3.5,17.5,90.0,False,True,False,177.9316,2779.32,0.0,0.05372133,18614.58,2,2,0,2,88.9658,21.74,229,6,2.6,253,0,0.0,2776.259240937,0.0,0.0,0.0
336,21,36,25,5.0,1.0,17.5,87.5,True,True,True,177.9316,2779.32,0.0,0.05372133,18614.58,2,2,0,2,88.9658,21.74,231,6,2.6,254,0,0.0,2776.259240937,0.0,0.0,0.0
337,21,36,25,5.0,3.5,17.5,90.0,True,False,True,177.9316,2779.32,0.0,0.05372133,18614.58,2,2,0,2,88.9658,21.74,231,6,2.6,254,0,0.0,2776.259240937,0.0,0.0,0.0
338,21,36,25,5.0,2.0,17.5,90.0,False,False,True,177.9316,2779.32,0.0,0.05372133,18614.58,2,2,0,2,88.9658,21.74,231,6,2.6,254,0,0.0,2776.259240937,0.0,0.0,0.0
339,21,36,25,5.0,3.0,17.5,90.0,True,False,True,177.9316,2779.32,0.0,0.05372133,18614.58,2,2,0,2,88.9658,21.74,231,6,2.6,254,0,0.0,2776.259240937,0.0,0.0,0.0
340,21,42,25,5.0,0.5,17.5,90.0,True,False,False,177.9316,2779.32,0.0,0.05372133,18614.58,2,2,0,2,88.9658,21.74,229,6,2.6,253,0,0.0,2776.259240937,0.0,0.0,0.0
341,21,42,25,5.0,2.0,17.5,90.0,True,True,False,177.9316,2779.32,0.0,0.05372133,18614.58,2,2,0,2,88.9658,21.74,229,6,2.6,253,0,0.0,2776.259240937,0.0,0.0,0.0
342,21,42,25,5.0,2.0,17.5,90.0,True,True,True,177.9316,2779.32,0.0,0.05372133,18614.58,2,2,0,2,88.9658,21.74,229,6,2.6,253,0,0.0,2776.259240937,0.0,0.0,0.0
343,21,36,25,5.0,0.5,17.5,90.0,False,False,False,177.9316,2779.32,0.0,0.05372133,18614.58,2,2,0,2,88.9658,21.74,231,6,2.6,254,0,0.0,2776.259240937,0.0,0.0,0.0
344,21,30,25,5.0,2.0,17.5,90.0,True,False,True,177.9316,2779.32,0.0,0.05372133,18614.58,2,2,0,2,88.9658,21.74,231,6,2.6,259,0,0.0,2776.259240937,0.0,0.0,0.0
345,21,36,25,5.0,1.0,17.5,87.5,False,True,True,177.9316,2779.32,0.0,0.05372133,18614.58,2,2,0,2,88.9658,21.74,231,6,2.6,254,0,0.0,2776.259240937,0.0,0.0,0.0
346,21,30,25,5.0,2.0,17.5,87.5,False,False,True,177.9316,2779.32,0.0,0.05372133,18614.58,2,2,0,2,88.9658,21.74,231,6,2.6,259,0,0.0,2776.259240937,0.0,0.0,0.0
347,21,24,25,5.0,2.5,17.5,90.0,False,True,True,177.9316,2779.32,0.0,0.05372133,18614.58,2,2,0,2,88.9658,21.74,235,6,2.6,263,0,0.0,2776.259240937,0.0,0.0,0.0
348,21,30,25,5.0,4.0,17.5,90.0,True,True,False,177.9316,2779.32,0.0,0.05372133,18614.58,2,2,0,2,88.9658,21.74,231,6,2.6,259,0,0.0,2776.259240937,0.0,0.0,0.0
349,21,42,25,5.0,3.0,17.5,87.5,True,False,True,177.9316,2779.32,0.0,0.05372133,18614.58,2,2,0,2,88.9658,21.74,229,6,2.6,253,0,0.0,2776.259240937,0.0,0.0,0.0
350,21,42,25,5.0,0.5,17.5,87.5,False,False,True,177.9316,2779.32,0.0,0.05372133,18614.58,2,2,0,2,88.9658,21.74,229,6,2.6,253,0,0.0,2776.259240937,0.0,0.0,0.0
351,21,42,25,5.0,4.0,17.5,87.5,True,True,False,177.9316,2779.32,0.0,0.05372133,18614.58,2,2,0,2,88.9658,21.74,229,6,2.6,253,0,0.0,2776.259240937,0.0,0.0,0.0
352,21,36,25,5.0,2.5,17.5,87.5,True,True,False,177.9316,2779.32,0.0,0.05372133,18614.58,2,2,0,2,88.9658,21.74,231,6,2.6,254,0,0.0,2776.259240937,0.0,0.0,0.0
353,21,36,25,5.0,1.5,17.5,87.5,True,True,False,177.9316,2779.32,0.0,0.05372133,18614.58,2,2,0,2,88.9658,21.74,231,6,2.6,254,0,0.0,2776.259240937,0.0,0.0,0.0
354,21,36,25,5.0,2.0,17.5,90.0,False,True,False,177.9316,2779.32,0.0,0.05372133,18614.58,2,2,0,2,88.9658,21.74,231,6,2.6,254,0,0.0,2776.259240937,0.0,0.0,0.0
355,21,36,25,5.0,2.5,17.5,87.5,False,True,False,177.9316,2779.32,0.0,0.05372133,18614.58,2,2,0,2,88.9658,21.74,231,6,2.6,254,0,0.0,2776.259240937,0.0,0.0,0.0
356,21,36,25,5.0,1.0,17.5,87.5,False,True,False,177.9316,2779.32,0.0,0.05372133,18614.58,2,2,0,2,88.9658,21.74,231,6,2.6,254,0,0.0,2776.259240937,0.0,0.0,0.0
357,21,36,25,5.0,3.5,17.5,87.5,True,False,False,177.9316,2779.32,0.0,0.05372133,18614.58,2,2,0,2,88.9658,21.74,231,6,2.6,254,0,0.0,2776.259240937,0.0,0.0,0.0
358,21,42,25,5.0,1.0,17.5,87.5,True,True,False,177.9316,2779.32,0.0,0.05372133,18614.58,2,2,0,2,88.9658,21.74,229,6,2.6,253,0,0.0,2776.259240937,0.0,0.0,0.0
359,21,36,25,5.0,4.0,17.5,87.5,True,False,False,177.9316,2779.32,0.0,0.05372133,18614.58,2,2,0,2,88.9658,21.74,231,6,2.6,254,0,0.0,2776.259240937,0.0,0.0,0.0
360,21,36,25,5.0,3.5,17.5,90.0,False,True,False,177.9316,2779.32,0.0,0.05372133,18614.58,2,2,0,2,88.9658,21.74,231,6,2.6,254,0,0.0,2776.259240937,0.0,0.0,0.0
361,21,42,25,5.0,3.0,17.5,90.0,False,False,False,177.9316,2779.32,0.0,0.05372133,18614.58,2,2,0,2,88.9658,21.74,229,6,2.6,253,0,0.0,2776.259240937,0.0,0.0,0.0
362,21,42,25,5.0,2.5,17.5,87.5,True,True,False,177.9316,2779.32,0.0,0.05372133,18614.58,2,2,0,2,88.9658,21.74,229,6,2.6,253,0,0.0,2776.259240937,0.0,0.0,0.0
363,21,30,25,5.0,3.5,17.5,90.0,True,True,False,177.9316,2779.32,0.0,0.05372133,18614.58,2,2,0,2,88.9658,21.74,231,6,2.6,259,0,0.0,2776.259240937,0.0,0.0,0.0
364,21,42,25,5.0,2.5,17.5,87.5,False,False,False,177.9316,2779.32,0.0,0.05372133,18614.58,2,2,0,2,88.9658,21.74,229,6,2.6,253,0,0.0,2776.259240937,0.0,0.0,0.0
365,21,36,25,5.0,4.0,17.5,90.0,False,False,False,177.9316,2779.32,0.0,0.05372133,18614.58,2,2,0,2,88.9658,21.74,231,6,2.6,254,0,0.0,2776.259240937,0.0,0.0,0.0
366,21,36,25,5.0,3.0,17.5,90.0,True,True,False,177.9316,2779.32,0.0,0.05372133,18614.58,2,2,0,2,88.9658,21.74,231,6,2.6,254,0,0.0,2776.259240937,0.0,0.0,0.0
367,21,36,25,5.0,1.0,17.5,87.5,True,False,True,177.9316,2779.32,0.0,0.05372133,18614.58,2,2,0,2,88.9658,21.74,231,6,2.6,254,0,0.0,2776.259240937,0.0,0.0,0.0
368,21,42,25,5.0,1.5,17.5,90.0,True,True,False,177.9316,2779.32,0.0,0.05372133,18614.58,2,2,0,2,88.9658,21.74,229,6,2.6,253,0,0.0,2776.259240937,0.0,0.0,0.0
369,21,36,25,5.0,1.5,17.5,90.0,True,True,False,177.9316,2779.32,0.0,0.05372133,18614.58,2,2,0,2,88.9658,21.74,231,6,2.6,254,0,0.0,2776.259240937,0.0,0.0,0.0
370,21,42,25,5.0,1.0,17.5,87.5,False,False,True,177.9316,2779.32,0.0,0.05372133,18614.58,2,2,0,2,88.9658,21.74,229,6,2.6,253,0,0.0,2776.259240937,0.0,0.0,0.0
371,21,30,25,5.0,1.5,17.5,87.5,False,False,False,177.9316,2779.32,0.0,0.05372133,18614.58,2,2,0,2,88.9658,21.74,231,6,2.6,259,0,0.0,2776.259240937,0.0,0.0,0.0
372,21,36,25,5.0,3.0,17.5,87.5,False,False,False,177.9316,2779.32,0.0,0.05372133,18614.58,2,2,0,2,88.9658,21.74,231,6,2.6,254,0,0.0,2776.259240937,0.0,0.0,0.0
373,21,36,25,5.0,4.0,17.5,90.0,True,True,True,177.9316,2779.32,0.0,0.05372133,18614.58,2,2,0,2,88.9658,21.74,231,6,2.6,254,0,0.0,2776.259240937,0.0,0.0,0.0
374,21,42,25,5.0,2.0,17.5,87.5,True,True,False,177.9316,2779.32,0.0,0.05372133,18614.58,2,2,0,2,88.9658,21.74,229,6,2.6,253,0,0.0,2776.259240937,0.0,0.0,0.0
375,21,42,25,5.0,3.5,17.5,90.0,True,False,True,177.9316,2779.32,0.0,0.05372133,18614.58,2,2,0,2,88.9658,21.74,229,6,2.6,253,0,0.0,2776.259240937,0.0,0.0,0.0
376,21,42,25,5.0,3.5,17.5,87.5,False,True,False,177.9316,2779.32,0.0,0.05372133,18614.58,2,2,0,2,88.9658,21.74,229,6,2.6,253,0,0.0,2776.259240937,0.0,0.0,0.0
377,21,42,25,5.0,1.5,17.5,87.5,False,False,False,177.9316,2779.32,0.0,0.05372133,18614.58,2,2,0,2,88.9658,21.74,229,6,2.6,253,0,0.0,2776.259240937,0.0,0.0,0.0
378,21,36,25,5.0,3.0,17.5,87.5,True,False,False,177.9316,2779.32,0.0,0.05372133,18614.58,2,2,0,2,88.9658,21.74,231,6,2.6,254,0,0.0,2776.259240937,0.0,0.0,0.0
379,21,42,25,5.0,1.0,17.5,87.5,False,True,False,177.9316,2779.32,0.0,0.05372133,18614.58,2,2,0,2,88.9658,21.74,229,6,2.6,253,0,0.0,2776.259240937,0.0,0.0,0.0
380,21,42,25,5.0,2.0,17.5,90.0,True,False,False,177.9316,2779.32,0.0,0.05372133,18614.58,2,2,0,2,88.9658,21.74,229,6,2.6,253,0,0.0,2776.259240937,0.0,0.0,0.0
381,21,42,25,5.0,2.5,17.5,87.5,True,False,False,177.9316,2779.32,0.0,0.05372133,18614.58,2,2,0,2,88.9658,21.74,229,6,2.6,253,0,0.0,2776.259240937,0.0,0.0,0.0
382,21,42,25,5.0,3.0,17.5,87.5,False,False,False,177.9316,2779.32,0.0,0.05372133,18614.58,2,2,0,2,88.9658,21.74,229,6,2.6,253,0,0.0,2776.259240937,0.0,0.0,0.0
383,21,42,25,5.0,0.5,17.5,87.5,False,False,False,177.9316,2779.32,0.0,0.05372133,18614.58,2,2,0,2,88.9658,21.74,229,6,2.6,253,0,0.0,2776.259240937,0.0,0.0,0.0
384,21,42,25,5.0,0.5,17.5,87.5,True,True,True,177.9316,2779.32,0.0,0.05372133,18614.58,2,2,0,2,88.9658,21.74,229,6,2.6,253,0,0.0,2776.259240937,0.0,0.0,0.0
385,21,42,25,5.0,2.0,17.5,90.0,False,True,False,177.9316,2779.32,0.0,0.05372133,18614.58,2,2,0,2,88.9658,21.74,229,6,2.6,253,0,0.0,2776.259240937,0.0,0.0,0.0
386,21,42,25,5.0,3.0,17.5,90.0,False,True,False,177.9316,2779.32,0.0,0.05372133,18614.58,2,2,0,2,88.9658,21.74,229,6,2.6,253,0,0.0,2776.259240937,0.0,0.0,0.0
387,21,42,25,5.0,1.5,17.5,90.0,True,False,True,177.9316,2779.32,0.0,0.05372133,18614.58,2,2,0,2,88.9658,21.74,229,6,2.6,253,0,0.0,2776.259240937,0.0,0.0,0.0
388,21,36,25,5.0,2.5,17.5,87.5,True,False,True,177.9316,2779.32,0.0,0.05372133,18614.58,2,2,0,2,88.9658,21.74,231,6,2.6,254,0,0.0,2776.259240937,0.0,0.0,0.0
389,21,36,25,5.0,4.0,17.5,87.5,False,True,True,177.9316,2779.32,0.0,0.05372133,18614.58,2,2,0,2,88.9658,21.74,231,6,2.6,254,0,0.0,2776.259240937,0.0,0.0,0.0
390,21,24,25,5.0,4.0,17.5,87.5,True,True,False,177.9316,2779.32,0.0,0.05372133,18614.58,2,2,0,2,88.9658,21.74,235,6,2.6,263,0,0.0,2776.259240937,0.0,0.0,0.0
391,21,36,25,5.0,2.5,17.5,90.0,True,False,True,177.9316,2779.32,0.0,0.05372133,18614.58,2,2,0,2,88.9658,21.74,231,6,2.6,254,0,0.0,2776.259240937,0.0,0.0,0.0
392,21,42,25,5.0,1.0,17.5,90.0,True,True,True,177.9316,2779.32,0.0,0.05372133,18614.58,2,2,0,2,88.9658,21.74,229,6,2.6,253,0,0.0,2776.259240937,0.0,0.0,0.0
393,21,42,25,5.0,3.0,17.5,90.0,True,True,True,177.9316,2779.32,0.0,0.05372133,18614.58,2,2,0,2,88.9658,21.74,229,6,2.6,253,0,0.0,2776.259240937,0.0,0.0,0.0
394,21,42,25,5.0,2.0,17.5,87.5,False,True,True,177.9316,2779.32,0.0,0.05372133,18614.58,2,2,0,2,88.9658,21.74,229,6,2.6,253,0,0.0,2776.259240937,0.0,0.0,0.0
395,21,36,25,5.0,2.0,17.5,87.5,True,False,True,177.9316,2779.32,0.0,0.05372133,18614.58,2,2,0,2,88.9658,21.74,231,6,2.6,254,0,0.0,2776.259240937,0.0,0.0,0.0
396,21,36,25,5.0,3.0,17.5,87.5,True,True,True,177.9316,2779.32,0.0,0.05372133,18614.58,2,2,0,2,88.9658,21.74,231,6,2.6,254,0,0.0,2776.259240937,0.0,0.0,0.0
397,21,36,25,5.0,0.5,17.5,87.5,False,False,True,177.9316,2779.32,0.0,0.05372133,18614.58,2,2,0,2,88.9658,21.74,231,6,2.6,254,0,0.0,2776.259240937,0.0,0.0,0.0
398,21,36,25,5.0,2.5,17.5,90.0,False,True,False,177.9316,2779.32,0.0,0.05372133,18614.58,2,2,0,2,88.9658,21.74,231,6,2.6,254,0,0.0,2776.259240937,0.0,0.0,0.0
399,21,36,25,5.0,2.5,17.5,90.0,False,False,True,177.9316,2779.32,0.0,0.05372133,18614.58,2,2,0,2,88.9658,21.74,231,6,2.6,254,0,0.0,2776.259240937,0.0,0.0,0.0
400,21,30,25,5.0,3.5,17.5,90.0,False,False,True,177.9316,2779.32,0.0,0.05372133,18614.58,2,2,0,2,88.9658,21.74,231,6,2.6,259,0,0.0,2776.259240937,0.0,0.0,0.0
401,21,42,25,5.0,1.5,17.5,87.5,True,True,True,177.9316,2779.32,0.0,0.05372133,18614.58,2,2,0,2,88.9658,21.74,229,6,2.6,253,0,0.0,2776.259240937,0.0,0.0,0.0
402,21,36,25,5.0,3.5,17.5,90.0,True,True,False,177.9316,2779.32,0.0,0.05372133,18614.58,2,2,0,2,88.9658,21.74,231,6,2.6,254,0,0.0,2776.259240937,0.0,0.0,0.0
403,21,30,25,5.0,3.5,17.5,87.5,False,False,True,177.9316,2779.32,0.0,0.05372133,18614.58,2,2,0,2,88.9658,21.74,231,6,2.6,259,0,0.0,2776.259240937,0.0,0.0,0.0
404,21,36,25,5.0,2.0,17.5,87.5,False,True,False,177.9316,2779.32,0.0,0.05372133,18614.58,2,2,0,2,88.9658,21.74,231,6,2.6,254,0,0.0,2776.259240937,0.0,0.0,0.0
405,21,30,25,5.0,3.0,17.5,90.0,False,True,False,177.9316,2779.32,0.0,0.05372133,18614.58,2,2,0,2,88.9658,21.74,231,6,2.6,259,0,0.0,2776.259240937,0.0,0.0,0.0
406,21,36,25,5.0,2.0,17.5,90.0,True,True,True,177.9316,2779.32,0.0,0.05372133,18614.58,2,2,0,2,88.9658,21.74,231,6,2.6,254,0,0.0,2776.259240937,0.0,0.0,0.0
407,21,42,25,5.0,0.5,17.5,87.5,True,True,False,177.9316,2779.32,0.0,0.05372133,18614.58,2,2,0,2,88.9658,21.74,229,6,2.6,253,0,0.0,2776.259240937,0.0,0.0,0.0
408,21,30,25,5.0,2.5,17.5,90.0,False,True,True,177.9316,2779.32,0.0,0.05372133,18614.58,2,2,0,2,88.9658,21.74,231,6,2.6,259,0,0.0,2776.259240937,0.0,0.0,0.0
409,21,30,25,5.0,2.5,17.5,87.5,True,False,False,177.9316,2779.32,0.0,0.05372133,18614.58,2,2,0,2,88.9658,21.74,231,6,2.6,259,0,0.0,2776.259240937,0.0,0.0,0.0
410,21,36,25,5.0,2.0,17.5,90.0,False,True,True,177.9316,2779.32,0.0,0.05372133,18614.58,2,2,0,2,88.9658,21.74,231,6,2.6,254,0,0.0,2776.259240937,0.0,0.0,0.0
411,21,36,25,5.0,2.0,17.5,90.0,True,False,True,177.9316,2779.32,0.0,0.05372133,18614.58,2,2,0,2,88.9658,21.74,231,6,2.6,254,0,0.0,2776.259240937,0.0,0.0,0.0
412,21,42,25,5.0,2.5,17.5,87.5,False,True,True,177.9316,2779.32,0.0,0.05372133,18614.58,2,2,0,2,88.9658,21.74,229,6,2.6,253,0,0.0,2776.259240937,0.0,0.0,0.0
413,21,42,25,5.0,0.5,17.5,90.0,True,True,True,177.9316,2779.32,0.0,0.05372133,18614.58,2,2,0,2,88.9658,21.74,229,6,2.6,253,0,0.0,2776.259240937,0.0,0.0,0.0
414,21,42,25,5.0,3.0,17.5,87.5,True,False,False,177.9316,2779.32,0.0,0.05372133,18614.58,2,2,0,2,88.9658,21.74,229,6,2.6,253,0,0.0,2776.259240937,0.0,0.0,0.0
415,21,36,25,5.0,0.5,17.5,90.0,True,True,True,177.9316,2779.32,0.0,0.05372133,18614.58,2,2,0,2,88.9658,21.74,231,6,2.6,254,0,0.0,2776.259240937,0.0,0.0,0.0
416,21,42,25,5.0,3.0,17.5,90.0,True,False,False,177.9316,2779.32,0.0,0.05372133,18614.58,2,2,0,2,88.9658,21.74,229,6,2.6,253,0,0.0,2776.259240937,0.0,0.0,0.0
417,21,36,25,5.0,4.0,17.5,87.5,False,True,False,177.9316,2779.32,0.0,0.05372133,18614.58,2,2,0,2,88.9658,21.74,231,6,2.6,254,0,0.0,2776.259240937,0.0,0.0,0.0
418,21,42,25,5.0,0.5,17.5,87.5,False,True,True,177.9316,2779.32,0.0,0.05372133,18614.58,2,2,0,2,88.9658,21.74,229,6,2.6,253,0,0.0,2776.259240937,0.0,0.0,0.0
419,21,42,25,5.0,1.5,17.5,90.0,False,True,True,177.9316,2779.32,0.0,0.05372133,18614.58,2,2,0,2,88.9658,21.74,229,6,2.6,253,0,0.0,2776.259240937,0.0,0.0,0.0
420,21,36,25,5.0,0.5,17.5,87.5,False,True,True,177.9316,2779.32,0.0,0.05372133,18614.58,2,2,0,2,88.9658,21.74,231,6,2.6,254,0,0.0,2776.259240937,0.0,0.0,0.0
421,21,36,25,5.0,2.0,17.5,87.5,False,False,False,177.9316,2779.32,0.0,0.05372133,18614.58,2,2,0,2,88.9658,21.74,231,6,2.6,254,0,0.0,2776.259240937,0.0,0.0,0.0
422,21,30,25,5.0,3.5,17.5,90.0,True,False,False,177.9316,2779.32,0.0,0.05372133,18614.58,2,2,0,2,88.9658,21.74,231,6,2.6,259,0,0.0,2776.259240937,0.0,0.0,0.0
423,21,30,25,5.0,3.5,17.5,87.5,False,False,False,177.9316,2779.32,0.0,0.05372133,18614.58,2,2,0,2,88.9658,21.74,231,6,2.6,259,0,0.0,2776.259240937,0.0,0.0,0.0
424,21,42,25,5.0,0.5,17.5,87.5,False,True,False,177.9316,2779.32,0.0,0.05372133,18614.58,2,2,0,2,88.9658,21.74,229,6,2.6,253,0,0.0,2776.259240937,0.0,0.0,0.0
425,21,42,25,5.0,0.5,17.5,87.5,True,False,True,177.9316,2779.32,0.0,0.05372133,18614.58,2,2,0,2,88.9658,21.74,229,6,2.6,253,0,0.0,2776.259240937,0.0,0.0,0.0
426,21,30,25,5.0,3.5,17.5,87.5,True,True,False,177.9316,2779.32,0.0,0.05372133,18614.58,2,2,0,2,88.9658,21.74,231,6,2.6,259,0,0.0,2776.259240937,0.0,0.0,0.0
427,21,42,25,5.0,1.5,17.5,90.0,True,True,True,177.9316,2779.32,0.0,0.05372133,18614.58,2,2,0,2,88.9658,21.74,229,6,2.6,253,0,0.0,2776.259240937,0.0,0.0,0.0
428,21,30,25,5.0,1.0,17.5,90.0,False,True,False,177.9316,2779.32,0.0,0.05372133,18614.58,2,2,0,2,88.9658,21.74,231,6,2.6,259,0,0.0,2776.259240937,0.0,0.0,0.0
429,21,36,25,5.0,2.5,17.5,87.5,False,True,True,177.9316,2779.32,0.0,0.05372133,18614.58,2,2,0,2,88.9658,21.74,231,6,2.6,254,0,0.0,2776.259240937,0.0,0.0,0.0
430,21,42,25,5.0,1.0,17.5,87.5,True,False,False,177.9316,2779.32,0.0,0.05372133,18614.58,2,2,0,2,88.9658,21.74,229,6,2.6,253,0,0.0,2776.259240937,0.0,0.0,0.0
431,21,42,25,5.0,1.5,17.5,90.0,False,False,True,177.9316,2779.32,0.0,0.05372133,18614.58,2,2,0,2,88.9658,21.74,229,6,2.6,253,0,0.0,2776.259240937,0.0,0.0,0.0
432,21,42,25,5.0,2.5,17.5,90.0,True,False,True,177.9316,2779.32,0.0,0.05372133,18614.58,2,2,0,2,88.9658,21.74,229,6,2.6,253,0,0.0,2776.259240937,0.0,0.0,0.0
433,21,42,25,5.0,0.5,17.5,90.0,False,True,True,177.9316,2779.32,0.0,0.05372133,18614.58,2,2,0,2,88.9658,21.74,229,6,2.6,253,0,0.0,2776.259240937,0.0,0.0,0.0
434,21,36,25,5.0,3.0,17.5,90.0,False,True,False,177.9316,2779.32,0.0,0.05372133,18614.58,2,2,0,2,88.9658,21.74,231,6,2.6,254,0,0.0,2776.259240937,0.0,0.0,0.0
435,21,36,25,5.0,3.0,17.5,90.0,False,False,True,177.9316,2779.32,0.0,0.05372133,18614.58,2,2,0,2,88.9658,21.74,231,6,2.6,254,0,0.0,2776.259240937,0.0,0.0,0.0
436,21,42,25,5.0,1.0,17.5,90.0,True,True,False,177.9316,2779.32,0.0,0.05372133,18614.58,2,2,0,2,88.9658,21.74,229,6,2.6,253,0,0.0,2776.259240937,0.0,0.0,0.0
437,21,36,25,5.0,4.0,17.5,87.5,True,True,False,177.9316,2779.32,0.0,0.05372133,18614.58,2,2,0,2,88.9658,21.74,231,6,2.6,254,0,0.0,2776.259240937,0.0,0.0,0.0
438,21,36,25,5.0,0.5,17.5,87.5,True,False,False,177.9316,2779.32,0.0,0.05372133,18614.58,2,2,0,2,88.9658,21.74,231,6,2.6,254,0,0.0,2776.259240937,0.0,0.0,0.0
439,21,42,25,5.0,2.0,17.5,87.5,True,True,True,177.9316,2779.32,0.0,0.05372133,18614.58,2,2,0,2,88.9658,21.74,229,6,2.6,253,0,0.0,2776.259240937,0.0,0.0,0.0
440,21,36,25,5.0,1.0,17.5,90.0,True,True,True,177.9316,2779.32,0.0,0.05372133,18614.58,2,2,0,2,88.9658,21.74,231,6,2.6,254,0,0.0,2776.259240937,0.0,0.0,0.0
441,21,36,25,5.0,3.5,17.5,87.5,False,True,False,177.9316,2779.32,0.0,0.05372133,18614.58,2,2,0,2,88.9658,21.74,231,6,2.6,254,0,0.0,2776.259240937,0.0,0.0,0.0
442,21,36,25,5.0,2.0,17.5,90.0,False,False,False,177.9316,2779.32,0.0,0.05372133,18614.58,2,2,0,2,88.9658,21.74,231,6,2.6,254,0,0.0,2776.259240937,0.0,0.0,0.0
443,21,36,25,5.0,1.5,17.5,87.5,False,True,True,177.9316,2779.32,0.0,0.05372133,18614.58,2,2,0,2,88.9658,21.74,231,6,2.6,254,0,0.0,2776.259240937,0.0,0.0,0.0
444,21,30,25,5.0,2.5,17.5,90.0,False,False,False,177.9316,2779.32,0.0,0.05372133,18614.58,2,2,0,2,88.9658,21.74,231,6,2.6,259,0,0.0,2776.259240937,0.0,0.0,0.0
445,21,30,25,5.0,1.5,17.5,90.0,True,True,True,177.9316,2779.32,0.0,0.05372133,18614.58,2,2,0,2,88.9658,21.74,231,6,2.6,259,0,0.0,2776.259240937,0.0,0.0,0.0
446,21,42,25,5.0,1.5,17.5,87.5,False,True,False,177.9316,2779.32,0.0,0.05372133,18614.58,2,2,0,2,88.9658,21.74,229,6,2.6,253,0,0.0,2776.259240937,0.0,0.0,0.0
447,21,30,25,5.0,4.0,17.5,90.0,False,True,False,177.9316,2779.32,0.0,0.05372133,18614.58,2,2,0,2,88.9658,21.74,231,6,2.6,259,0,0.0,2776.259240937,0.0,0.0,0.0
448,21,42,25,5.0,2.5,17.5,90.0,False,True,False,177.9316,2779.32,0.0,0.05372133,18614.58,2,2,0,2,88.9658,21.74,229,6,2.6,253,0,0.0,2776.259240937,0.0,0.0,0.0
449,21,42,25,5.0,0.5,17.5,87.5,True,False,False,177.9316,2779.32,0.0,0.05372133,18614.58,2,2,0,2,88.9658,21.74,229,6,2.6,253,0,0.0,2776.259240937,0.0,0.0,0.0
450,21,42,25,5.0,4.0,17.5,87.5,True,False,False,177.9316,2779.32,0.0,0.05372133,18614.58,2,2,0,2,88.9658,21.74,229,6,2.6,253,0,0.0,2776.259240937,0.0,0.0,0.0
451,21,42,25,5.0,3.5,17.5,87.5,True,True,False,177.9316,2779.32,0.0,0.05372133,18614.58,2,2,0,2,88.9658,21.74,229,6,2.6,253,0,0.0,2776.259240937,0.0,0.0,0.0
452,21,36,25,5.0,4.0,17.5,87.5,False,False,False,177.9316,2779.32,0.0,0.05372133,18614.58,2,2,0,2,88.9658,21.74,231,6,2.6,254,0,0.0,2776.259240937,0.0,0.0,0.0
453,21,42,25,5.0,2.5,17.5,90.0,True,True,False,177.9316,2779.32,0.0,0.05372133,18614.58,2,2,0,2,88.9658,21.74,229,6,2.6,253,0,0.0,2776.259240937,0.0,0.0,0.0
454,21,42,25,5.0,2.0,17.5,87.5,False,True,False,177.9316,2779.32,0.0,0.05372133,18614.58,2,2,0,2,88.9658,21.74,229,6,2.6,253,0,0.0,2776.259240937,0.0,0.0,0.0
455,21,42,25,5.0,3.5,17.5,90.0,False,False,False,177.9316,2779.32,0.0,0.05372133,18614.58,2,2,0,2,88.9658,21.74,229,6,2.6,253,0,0.0,2776.259240937,0.0,0.0,0.0
456,21,36,25,5.0,0.5,17.5,87.5,False,False,False,177.9316,2779.32,0.0,0.05372133,18614.58,2,2,0,2,88.9658,21.74,231,6,2.6,254,0,0.0,2776.259240937,0.0,0.0,0.0
457,21,36,25,5.0,1.5,17.5,90.0,True,False,True,177.9316,2779.32,0.0,0.05372133,18614.58,2,2,0,2,88.9658,21.74,231,6,2.6,254,0,0.0,2776.259240937,0.0,0.0,0.0
458,21,42,25,5.0,2.5,17.5,87.5,False,False,True,177.9316,2779.32,0.0,0.05372133,18614.58,2,2,0,2,88.9658,21.74,229,6,2.6,253,0,0.0,2776.259240937,0.0,0.0,0.0
459,21,36,25,5.0,1.0,17.5,90.0,False,True,False,177.9316,2779.32,0.0,0.05372133,18614.58,2,2,0,2,88.9658,21.74,231,6,2.6,254,0,0.0,2776.259240937,0.0,0.0,0.0
460,21,30,25,5.0,3.5,17.5,87.5,False,True,False,177.9316,2779.32,0.0,0.05372133,18614.58,2,2,0,2,88.9658,21.74,231,6,2.6,259,0,0.0,2776.259240937,0.0,0.0,0.0
461,21,42,25,5.0,0.5,17.5,90.0,False,False,False,177.9316,2779.32,0.0,0.05372133,18614.58,2,2,0,2,88.9658,21.74,229,6,2.6,253,0,0.0,2776.259240937,0.0,0.0,0.0
462,21,42,25,5.0,2.0,17.5,87.5,True,False,False,177.9316,2779.32,0.0,0.05372133,18614.58,2,2,0,2,88.9658,21.74,229,6,2.6,253,0,0.0,2776.259240937,0.0,0.0,0.0
463,21,36,25,5.0,3.0,17.5,90.0,True,True,True,177.9316,2779.32,0.0,0.05372133,18614.58,2,2,0,2,88.9658,21.74,231,6,2.6,254,0,0.0,2776.259240937,0.0,0.0,0.0
464,21,30,25,5.0,3.5,17.5,87.5,False,True,True,177.9316,2779.32,0.0,0.05372133,18614.58,2,2,0,2,88.9658,21.74,231,6,2.6,259,0,0.0,2776.259240937,0.0,0.0,0.0
465,21,36,25,5.0,3.5,17.5,87.5,False,False,True,177.9316,2779.32,0.0,0.05372133,18614.58,2,2,0,2,88.9658,21.74,231,6,2.6,254,0,0.0,2776.259240937,0.0,0.0,0.0
466,21,42,25,5.0,3.0,17.5,90.0,False,False,True,177.9316,2779.32,0.0,0.05372133,18614.58,2,2,0,2,88.9658,21.74,229,6,2.6,253,0,0.0,2776.259240937,0.0,0.0,0.0
467,21,42,25,5.0,2.0,17.5,90.0,False,False,False,177.9316,2779.32,0.0,0.05372133,18614.58,2,2,0,2,88.9658,21.74,229,6,2.6,253,0,0.0,2776.259240937,0.0,0.0,0.0
468,21,42,25,5.0,3.0,17.5,87.5,True,True,True,177.9316,2779.32,0.0,0.05372133,18614.58,2,2,0,2,88.9658,21.74,229,6,2.6,253,0,0.0,2776.259240937,0.0,0.0,0.0
469,21,36,25,5.0,0.5,17.5,90.0,False,True,True,177.9316,2779.32,0.0,0.05372133,18614.58,2,2,0,2,88.9658,21.74,231,6,2.6,254,0,0.0,2776.259240937,0.0,0.0,0.0
470,21,36,25,5.0,2.0,17.5,87.5,True,True,True,177.9316,2779.32,0.0,0.05372133,18614.58,2,2,0,2,88.9658,21.74,231,6,2.6,254,0,0.0,2776.259240937,0.0,0.0,0.0
471,21,36,25,5.0,3.0,17.5,87.5,False,False,True,177.9316,2779.32,0.0,0.05372133,18614.58,2,2,0,2,88.9658,21.74,231,6,2.6,254,0,0.0,2776.259240937,0.0,0.0,0.0
472,21,36,25,5.0,2.5,17.5,90.0,True,False,False,177.9316,2779.32,0.0,0.05372133,18614.58,2,2,0,2,88.9658,21.74,231,6,2.6,254,0,0.0,2776.259240937,0.0,0.0,0.0
473,21,30,25,5.0,3.0,17.5,90.0,False,False,False,177.9316,2779.32,0.0,0.05372133,18614.58,2,2,0,2,88.9658,21.74,231,6,2.6,259,0,0.0,2776.259240937,0.0,0.0,0.0
474,21,36,25,5.0,3.5,17.5,87.5,False,False,False,177.9316,2779.32,0.0,0.05372133,18614.58,2,2,0,2,88.9658,21.74,231,6,2.6,254,0,0.0,2776.259240937,0.0,0.0,0.0
475,21,36,25,5.0,2.5,17.5,90.0,True,True,False,177.9316,2779.32,0.0,0.05372133,18614.58,2,2,0,2,88.9658,21.74,231,6,2.6,254,0,0.0,2776.259240937,0.0,0.0,0.0
476,21,36,25,5.0,2.0,17.5,87.5,True,True,False,177.9316,2779.32,0.0,0.05372133,18614.58,2,2,0,2,88.9658,21.74,231,6,2.6,254,0,0.0,2776.259240937,0.0,0.0,0.0
477,21,30,25,5.0,2.5,17.5,87.5,False,False,False,177.9316,2779.32,0.0,0.05372133,18614.58,2,2,0,2,88.9658,21.74,231,6,2.6,259,0,0.0,2776.259240937,0.0,0.0,0.0
478,21,42,25,5.0,1.0,17.5,87.5,False,True,True,177.9316,2779.32,0.0,0.05372133,18614.58,2,2,0,2,88.9658,21.74,229,6,2.6,253,0,0.0,2776.259240937,0.0,0.0,0.0
479,21,30,25,5.0,2.0,17.5,87.5,True,False,True,177.9316,2779.32,0.0,0.05372133,18614.58,2,2,0,2,88.9658,21.74,231,6,2.6,259,0,0.0,2776.259240937,0.0,0.0,0.0
480,21,42,25,5.0,3.5,17.5,87.5,False,False,False,177.9316,2779.32,0.0,0.05372133,18614.58,2,2,0,2,88.9658,21.74,229,6,2.6,253,0,0.0,2776.259240937,0.0,0.0,0.0
481,21,42,25,5.0,3.5,17.5,90.0,False,False,True,177.9316,2779.32,0.0,0.05372133,18614.58,2,2,0,2,88.9658,21.74,229,6,2.6,253,0,0.0,2776.259240937,0.0,0.0,0.0
482,21,36,25,5.0,3.5,17.5,90.0,False,False,True,177.9316,2779.32,0.0,0.05372133,18614.58,2,2,0,2,88.9658,21.74,231,6,2.6,254,0,0.0,2776.259240937,0.0,0.0,0.0
483,21,36,25,5.0,1.0,17.5,90.0,True,False,True,177.9316,2779.32,0.0,0.05372133,18614.58,2,2,0,2,88.9658,21.74,231,6,2.6,254,0,0.0,2776.259240937,0.0,0.0,0.0
484,21,42,25,5.0,3.5,17.5,90.0,False,True,True,177.9316,2779.32,0.0,0.05372133,18614.58,2,2,0,2,88.9658,21.74,229,6,2.6,253,0,0.0,2776.259240937,0.0,0.0,0.0
485,21,30,25,5.0,1.5,17.5,87.5,True,True,True,177.9316,2779.32,0.0,0.05372133,18614.58,2,2,0,2,88.9658,21.74,231,6,2.6,259,0,0.0,2776.259240937,0.0,0.0,0.0
486,21,36,25,5.0,1.5,17.5,87.5,False,False,True,177.9316,2779.32,0.0,0.05372133,18614.58,2,2,0,2,88.9658,21.74,231,6,2.6,254,0,0.0,2776.259240937,0.0,0.0,0.0
487,21,42,25,5.0,3.0,17.5,90.0,False,True,True,177.9316,2779.32,0.0,0.05372133,18614.58,2,2,0,2,88.9658,21.74,229,6,2.6,253,0,0.0,2776.259240937,0.0,0.0,0.0
488,21,42,25,5.0,1.0,17.5,90.0,False,False,False,177.9316,2779.32,0.0,0.05372133,18614.58,2,2,0,2,88.9658,21.74,229,6,2.6,253,0,0.0,2776.259240937,0.0,0.0,0.0
489,21,36,25,5.0,4.0,17.5,87.5,False,False,True,177.9316,2779.32,0.0,0.05372133,18614.58,2,2,0,2,88.9658,21.74,231,6,2.6,254,0,0.0,2776.259240937,0.0,0.0,0.0
490,21,42,25,5.0,1.0,17.5,87.5,True,True,True,177.9316,2779.32,0.0,0.05372133,18614.58,2,2,0,2,88.9658,21.74,229,6,2.6,253,0,0.0,2776.259240937,0.0,0.0,0.0
491,21,42,25,5.0,2.0,17.5,90.0,True,False,True,177.9316,2779.32,0.0,0.05372133,18614.58,2,2,0,2,88.9658,21.74,229,6,2.6,253,0,0.0,2776.259240937,0.0,0.0,0.0
492,21,30,25,5.0,2.5,17.5,90.0,True,True,True,177.9316,2779.32,0.0,0.05372133,18614.58,2,2,0,2,88.9658,21.74,231,6,2.6,259,0,0.0,2776.259240937,0.0,0.0,0.0
493,21,42,25,5.0,2.5,17.5,90.0,True,False,False,177.9316,2779.32,0.0,0.05372133,18614.58,2,2,0,2,88.9658,21.74,229,6,2.6,253,0,0.0,2776.259240937,0.0,0.0,0.0
494,21,42,25,5.0,3.0,17.5,87.5,True,True,False,177.9316,2779.32,0.0,0.05372133,18614.58,2,2,0,2,88.9658,21.74,229,6,2.6,253,0,0.0,2776.259240937,0.0,0.0,0.0
495,21,36,25,5.0,1.5,17.5,90.0,False,False,True,177.9316,2779.32,0.0,0.05372133,18614.58,2,2,0,2,88.9658,21.74,231,6,2.6,254,0,0.0,2776.259240937,0.0,0.0,0.0
496,21,42,25,5.0,0.5,17.5,90.0,True,True,False,177.9316,2779.32,0.0,0.05372133,18614.58,2,2,0,2,88.9658,21.74,229,6,2.6,253,0,0.0,2776.259240937,0.0,0.0,0.0
497,21,36,25,5.0,3.0,17.5,90.0,False,True,True,177.9316,2779.32,0.0,0.05372133,18614.58,2,2,0,2,88.9658,21.74,231,6,2.6,254,0,0.0,2776.259240937,0.0,0.0,0.0
498,21,42,25,5.0,4.0,17.5,87.5,True,True,True,177.9316,2779.32,0.0,0.05372133,18614.58,2,2,0,2,88.9658,21.74,229,6,2.6,253,0,0.0,2776.259240937,0.0,0.0,0.0
499,21,36,25,5.0,2.5,17.5,90.0,True,True,True,177.9316,2779.32,0.0,0.05372133,18614.58,2,2,0,2,88.9658,21.74,231,6,2.6,254,0,0.0,2776.259240937,0.0,0.0,0.0
