tipo,longitud,datetime_inicio,datetime_fin
BUY,4,2021-11-16T03:00:00.000000000,2021-11-19T23:00:00.000000000
SELL,3,2021-11-19T23:00:00.000000000,2021-11-22T18:00:00.000000000
BUY,1,2021-11-22T18:00:00.000000000,2021-11-25T12:00:00.000000000
SELL,2,2021-11-25T12:00:00.000000000,2021-11-26T10:00:00.000000000
BUY,3,2021-11-26T10:00:00.000000000,2021-11-27T16:00:00.000000000
SELL,1,2021-11-27T16:00:00.000000000,2021-12-02T16:00:00.000000000
BUY,2,2021-12-02T16:00:00.000000000,2021-12-07T12:00:00.000000000
SELL,3,2021-12-07T12:00:00.000000000,2021-12-13T19:00:00.000000000
BUY,1,2021-12-13T19:00:00.000000000,2021-12-15T00:00:00.000000000
SELL,3,2021-12-15T00:00:00.000000000,2021-12-18T02:00:00.000000000
BUY,1,2021-12-18T02:00:00.000000000,2021-12-21T08:00:00.000000000
SELL,5,2021-12-21T08:00:00.000000000,2021-12-28T10:00:00.000000000
BUY,3,2021-12-28T10:00:00.000000000,2022-01-12T20:00:00.000000000
SELL,1,2022-01-12T20:00:00.000000000,2022-01-13T19:00:00.000000000
BUY,1,2022-01-13T19:00:00.000000000,2022-01-14T19:00:00.000000000
SELL,2,2022-01-14T19:00:00.000000000,2022-01-17T21:00:00.000000000
BUY,6,2022-01-17T21:00:00.000000000,2022-01-26T02:00:00.000000000
SELL,4,2022-01-26T02:00:00.000000000,2022-01-31T11:00:00.000000000
BUY,4,2022-01-31T11:00:00.000000000,2022-02-04T10:00:00.000000000
SELL,11,2022-02-04T10:00:00.000000000,2022-02-11T06:00:00.000000000
BUY,3,2022-02-11T06:00:00.000000000,2022-02-15T14:00:00.000000000
SELL,1,2022-02-15T14:00:00.000000000,2022-02-17T08:00:00.000000000
BUY,3,2022-02-17T08:00:00.000000000,2022-02-25T11:00:00.000000000
SELL,6,2022-02-25T11:00:00.000000000,2022-03-04T00:00:00.000000000
BUY,4,2022-03-04T00:00:00.000000000,2022-03-09T08:00:00.000000000
SELL,3,2022-03-09T08:00:00.000000000,2022-03-10T08:00:00.000000000
BUY,2,2022-03-10T08:00:00.000000000,2022-03-15T22:00:00.000000000
SELL,3,2022-03-15T22:00:00.000000000,2022-03-20T15:00:00.000000000
BUY,1,2022-03-20T15:00:00.000000000,2022-03-28T00:00:00.000000000
SELL,2,2022-03-28T00:00:00.000000000,2022-03-30T19:00:00.000000000
BUY,3,2022-03-30T19:00:00.000000000,2022-04-03T18:00:00.000000000
SELL,1,2022-04-03T18:00:00.000000000,2022-04-05T19:00:00.000000000
BUY,5,2022-04-05T19:00:00.000000000,2022-04-13T19:00:00.000000000
SELL,1,2022-04-13T19:00:00.000000000,2022-04-14T18:00:00.000000000
BUY,6,2022-04-14T18:00:00.000000000,2022-04-28T18:00:00.000000000
SELL,1,2022-04-28T18:00:00.000000000,2022-04-29T16:00:00.000000000
BUY,1,2022-04-29T16:00:00.000000000,2022-05-02T06:00:00.000000000
SELL,3,2022-05-02T06:00:00.000000000,2022-05-05T18:00:00.000000000
BUY,8,2022-05-05T18:00:00.000000000,2022-05-15T18:00:00.000000000
SELL,1,2022-05-15T18:00:00.000000000,2022-05-16T15:00:00.000000000
BUY,1,2022-05-16T15:00:00.000000000,2022-05-17T05:00:00.000000000
SELL,1,2022-05-17T05:00:00.000000000,2022-05-18T23:00:00.000000000
BUY,1,2022-05-18T23:00:00.000000000,2022-05-19T21:00:00.000000000
SELL,1,2022-05-19T21:00:00.000000000,2022-05-23T22:00:00.000000000
BUY,3,2022-05-23T22:00:00.000000000,2022-05-29T10:00:00.000000000
SELL,2,2022-05-29T10:00:00.000000000,2022-06-04T01:00:00.000000000
BUY,1,2022-06-04T01:00:00.000000000,2022-06-06T06:00:00.000000000
SELL,5,2022-06-06T06:00:00.000000000,2022-06-07T11:00:00.000000000
BUY,6,2022-06-07T11:00:00.000000000,2022-06-16T00:00:00.000000000
SELL,3,2022-06-16T00:00:00.000000000,2022-06-22T15:00:00.000000000
BUY,2,2022-06-22T15:00:00.000000000,2022-06-23T08:00:00.000000000
SELL,3,2022-06-23T08:00:00.000000000,2022-06-27T18:00:00.000000000
BUY,6,2022-06-27T18:00:00.000000000,2022-07-04T15:00:00.000000000
SELL,2,2022-07-04T15:00:00.000000000,2022-07-10T10:00:00.000000000
BUY,7,2022-07-10T10:00:00.000000000,2022-07-15T07:00:00.000000000
SELL,4,2022-07-15T07:00:00.000000000,2022-07-23T14:00:00.000000000
BUY,6,2022-07-23T14:00:00.000000000,2022-07-28T02:00:00.000000000
SELL,2,2022-07-28T02:00:00.000000000,2022-07-31T22:00:00.000000000
BUY,3,2022-07-31T22:00:00.000000000,2022-08-05T11:00:00.000000000
SELL,8,2022-08-05T11:00:00.000000000,2022-08-15T00:00:00.000000000
BUY,3,2022-08-15T00:00:00.000000000,2022-08-21T18:00:00.000000000
SELL,1,2022-08-21T18:00:00.000000000,2022-08-26T15:00:00.000000000
BUY,1,2022-08-26T15:00:00.000000000,2022-08-29T16:00:00.000000000
SELL,4,2022-08-29T16:00:00.000000000,2022-09-07T02:00:00.000000000
BUY,1,2022-09-07T02:00:00.000000000,2022-09-08T04:00:00.000000000
SELL,7,2022-09-08T04:00:00.000000000,2022-09-13T21:00:00.000000000
BUY,5,2022-09-13T21:00:00.000000000,2022-09-22T23:00:00.000000000
SELL,2,2022-09-22T23:00:00.000000000,2022-09-28T09:00:00.000000000
BUY,1,2022-09-28T09:00:00.000000000,2022-10-04T13:00:00.000000000
SELL,4,2022-10-04T13:00:00.000000000,2022-10-10T14:00:00.000000000
BUY,2,2022-10-10T14:00:00.000000000,2022-10-14T12:00:00.000000000
SELL,1,2022-10-14T12:00:00.000000000,2022-10-15T07:00:00.000000000
BUY,2,2022-10-15T07:00:00.000000000,2022-10-18T13:00:00.000000000
SELL,1,2022-10-18T13:00:00.000000000,2022-10-19T11:00:00.000000000
BUY,2,2022-10-19T11:00:00.000000000,2022-10-21T19:00:00.000000000
SELL,5,2022-10-21T19:00:00.000000000,2022-10-27T22:00:00.000000000
BUY,3,2022-10-27T22:00:00.000000000,2022-11-05T03:00:00.000000000
SELL,1,2022-11-05T03:00:00.000000000,2022-11-07T04:00:00.000000000
BUY,5,2022-11-07T04:00:00.000000000,2022-11-10T20:00:00.000000000
SELL,1,2022-11-10T20:00:00.000000000,2022-11-14T00:00:00.000000000
BUY,2,2022-11-14T00:00:00.000000000,2022-11-17T21:00:00.000000000
SELL,1,2022-11-17T21:00:00.000000000,2022-11-21T00:00:00.000000000
BUY,2,2022-11-21T00:00:00.000000000,2022-11-22T22:00:00.000000000
SELL,4,2022-11-22T22:00:00.000000000,2022-11-26T22:00:00.000000000
BUY,1,2022-11-26T22:00:00.000000000,2022-11-29T08:00:00.000000000
SELL,4,2022-11-29T08:00:00.000000000,2022-12-06T05:00:00.000000000
BUY,2,2022-12-06T05:00:00.000000000,2022-12-09T01:00:00.000000000
SELL,2,2022-12-09T01:00:00.000000000,2022-12-15T18:00:00.000000000
BUY,5,2022-12-15T18:00:00.000000000,2022-12-24T21:00:00.000000000
SELL,1,2022-12-24T21:00:00.000000000,2022-12-28T01:00:00.000000000
BUY,2,2022-12-28T01:00:00.000000000,2023-01-02T00:00:00.000000000
SELL,17,2023-01-02T00:00:00.000000000,2023-01-30T22:00:00.000000000
BUY,6,2023-01-30T22:00:00.000000000,2023-02-12T14:00:00.000000000
SELL,1,2023-02-12T14:00:00.000000000,2023-02-13T02:00:00.000000000
BUY,1,2023-02-13T02:00:00.000000000,2023-02-14T12:00:00.000000000
SELL,6,2023-02-14T12:00:00.000000000,2023-02-19T20:00:00.000000000
BUY,13,2023-02-19T20:00:00.000000000,2023-03-12T20:00:00.000000000
SELL,8,2023-03-12T20:00:00.000000000,2023-03-24T20:00:00.000000000
BUY,2,2023-03-24T20:00:00.000000000,2023-03-29T14:00:00.000000000
SELL,1,2023-03-29T14:00:00.000000000,2023-04-02T15:00:00.000000000
BUY,2,2023-04-02T15:00:00.000000000,2023-04-10T22:00:00.000000000
SELL,3,2023-04-10T22:00:00.000000000,2023-04-17T10:00:00.000000000
BUY,8,2023-04-17T10:00:00.000000000,2023-04-22T22:00:00.000000000
SELL,4,2023-04-22T22:00:00.000000000,2023-05-01T05:00:00.000000000
BUY,4,2023-05-01T05:00:00.000000000,2023-05-02T18:00:00.000000000
SELL,2,2023-05-02T18:00:00.000000000,2023-05-08T03:00:00.000000000
BUY,4,2023-05-08T03:00:00.000000000,2023-05-15T04:00:00.000000000
SELL,3,2023-05-15T04:00:00.000000000,2023-05-16T10:00:00.000000000
BUY,3,2023-05-16T10:00:00.000000000,2023-05-18T12:00:00.000000000
SELL,1,2023-05-18T12:00:00.000000000,2023-05-22T02:00:00.000000000
BUY,3,2023-05-22T02:00:00.000000000,2023-05-28T03:00:00.000000000
SELL,2,2023-05-28T03:00:00.000000000,2023-05-31T16:00:00.000000000
BUY,1,2023-05-31T16:00:00.000000000,2023-06-02T22:00:00.000000000
SELL,1,2023-06-02T22:00:00.000000000,2023-06-05T09:00:00.000000000
BUY,3,2023-06-05T09:00:00.000000000,2023-06-06T23:00:00.000000000
SELL,2,2023-06-06T23:00:00.000000000,2023-06-07T14:00:00.000000000
BUY,3,2023-06-07T14:00:00.000000000,2023-06-16T13:00:00.000000000
SELL,4,2023-06-16T13:00:00.000000000,2023-06-26T10:00:00.000000000
BUY,1,2023-06-26T10:00:00.000000000,2023-07-03T03:00:00.000000000
SELL,4,2023-07-03T03:00:00.000000000,2023-07-12T16:00:00.000000000
BUY,1,2023-07-12T16:00:00.000000000,2023-07-13T17:00:00.000000000
SELL,1,2023-07-13T17:00:00.000000000,2023-07-20T18:00:00.000000000
BUY,1,2023-07-20T18:00:00.000000000,2023-08-07T02:00:00.000000000
SELL,2,2023-08-07T02:00:00.000000000,2023-08-10T16:00:00.000000000
BUY,6,2023-08-10T16:00:00.000000000,2023-08-24T08:00:00.000000000
SELL,1,2023-08-24T08:00:00.000000000,2023-08-28T09:00:00.000000000
BUY,1,2023-08-28T09:00:00.000000000,2023-08-29T16:00:00.000000000
SELL,1,2023-08-29T16:00:00.000000000,2023-08-31T19:00:00.000000000
BUY,4,2023-08-31T19:00:00.000000000,2023-09-07T18:00:00.000000000
SELL,3,2023-09-07T18:00:00.000000000,2023-09-11T20:00:00.000000000
BUY,1,2023-09-11T20:00:00.000000000,2023-09-12T14:00:00.000000000
SELL,3,2023-09-12T14:00:00.000000000,2023-09-18T00:00:00.000000000
BUY,4,2023-09-18T00:00:00.000000000,2023-09-25T20:00:00.000000000
SELL,1,2023-09-25T20:00:00.000000000,2023-09-26T21:00:00.000000000
BUY,1,2023-09-26T21:00:00.000000000,2023-10-02T03:00:00.000000000
SELL,3,2023-10-02T03:00:00.000000000,2023-10-03T20:00:00.000000000
BUY,1,2023-10-03T20:00:00.000000000,2023-10-05T00:00:00.000000000
SELL,1,2023-10-05T00:00:00.000000000,2023-10-09T01:00:00.000000000
BUY,7,2023-10-09T01:00:00.000000000,2023-10-21T14:00:00.000000000
SELL,4,2023-10-21T14:00:00.000000000,2023-10-26T14:00:00.000000000
BUY,1,2023-10-26T14:00:00.000000000,2023-10-29T11:00:00.000000000
SELL,2,2023-10-29T11:00:00.000000000,2023-11-03T04:00:00.000000000
BUY,1,2023-11-03T04:00:00.000000000,2023-11-05T03:00:00.000000000
SELL,1,2023-11-05T03:00:00.000000000,2023-11-07T12:00:00.000000000
BUY,1,2023-11-07T12:00:00.000000000,2023-11-08T16:00:00.000000000
SELL,4,2023-11-08T16:00:00.000000000,2023-11-13T11:00:00.000000000
BUY,2,2023-11-13T11:00:00.000000000,2023-11-15T15:00:00.000000000
SELL,2,2023-11-15T15:00:00.000000000,2023-11-17T10:00:00.000000000
BUY,1,2023-11-17T10:00:00.000000000,2023-11-20T14:00:00.000000000
SELL,3,2023-11-20T14:00:00.000000000,2023-11-27T10:00:00.000000000
BUY,2,2023-11-27T10:00:00.000000000,2023-12-02T07:00:00.000000000
SELL,7,2023-12-02T07:00:00.000000000,2023-12-11T13:00:00.000000000
BUY,1,2023-12-11T13:00:00.000000000,2023-12-14T17:00:00.000000000
SELL,3,2023-12-14T17:00:00.000000000,2023-12-26T15:00:00.000000000
BUY,1,2023-12-26T15:00:00.000000000,2023-12-27T18:00:00.000000000
SELL,2,2023-12-27T18:00:00.000000000,2023-12-29T07:00:00.000000000
BUY,1,2023-12-29T07:00:00.000000000,2024-01-01T23:00:00.000000000
SELL,3,2024-01-01T23:00:00.000000000,2024-01-03T18:00:00.000000000
BUY,1,2024-01-03T18:00:00.000000000,2024-01-04T19:00:00.000000000
SELL,5,2024-01-04T19:00:00.000000000,2024-01-17T14:00:00.000000000
BUY,4,2024-01-17T14:00:00.000000000,2024-01-26T14:00:00.000000000
SELL,3,2024-01-26T14:00:00.000000000,2024-01-28T22:00:00.000000000
BUY,3,2024-01-28T22:00:00.000000000,2024-02-02T15:00:00.000000000
SELL,1,2024-02-02T15:00:00.000000000,2024-02-04T05:00:00.000000000
BUY,1,2024-02-04T05:00:00.000000000,2024-02-05T10:00:00.000000000
SELL,2,2024-02-05T10:00:00.000000000,2024-02-05T22:00:00.000000000
BUY,1,2024-02-05T22:00:00.000000000,2024-02-08T08:00:00.000000000
SELL,9,2024-02-08T08:00:00.000000000,2024-02-21T19:00:00.000000000
BUY,3,2024-02-21T19:00:00.000000000,2024-02-25T01:00:00.000000000
SELL,17,2024-02-25T01:00:00.000000000,2024-03-14T18:00:00.000000000
BUY,2,2024-03-14T18:00:00.000000000,2024-03-17T22:00:00.000000000
SELL,1,2024-03-17T22:00:00.000000000,2024-03-18T17:00:00.000000000
BUY,5,2024-03-18T17:00:00.000000000,2024-03-21T13:00:00.000000000
SELL,1,2024-03-21T13:00:00.000000000,2024-03-22T21:00:00.000000000
BUY,2,2024-03-22T21:00:00.000000000,2024-03-24T18:00:00.000000000
SELL,1,2024-03-24T18:00:00.000000000,2024-03-26T20:00:00.000000000
BUY,2,2024-03-26T20:00:00.000000000,2024-03-28T11:00:00.000000000
SELL,4,2024-03-28T11:00:00.000000000,2024-04-02T08:00:00.000000000
BUY,2,2024-04-02T08:00:00.000000000,2024-04-04T16:00:00.000000000
SELL,8,2024-04-04T16:00:00.000000000,2024-04-24T18:00:00.000000000
BUY,3,2024-04-24T18:00:00.000000000,2024-04-25T20:00:00.000000000
SELL,1,2024-04-25T20:00:00.000000000,2024-04-29T02:00:00.000000000
BUY,4,2024-04-29T02:00:00.000000000,2024-05-02T21:00:00.000000000
SELL,8,2024-05-02T21:00:00.000000000,2024-05-11T09:00:00.000000000
BUY,2,2024-05-11T09:00:00.000000000,2024-05-15T15:00:00.000000000
SELL,10,2024-05-15T15:00:00.000000000,2024-05-23T20:00:00.000000000
BUY,1,2024-05-23T20:00:00.000000000,2024-05-25T03:00:00.000000000
SELL,1,2024-05-25T03:00:00.000000000,2024-05-29T12:00:00.000000000
BUY,1,2024-05-29T12:00:00.000000000,2024-06-04T18:00:00.000000000
SELL,1,2024-06-04T18:00:00.000000000,2024-06-08T04:00:00.000000000
BUY,1,2024-06-08T04:00:00.000000000,2024-06-09T18:00:00.000000000
SELL,1,2024-06-09T18:00:00.000000000,2024-06-11T04:00:00.000000000
BUY,5,2024-06-11T04:00:00.000000000,2024-06-16T14:00:00.000000000
SELL,1,2024-06-16T14:00:00.000000000,2024-06-17T12:00:00.000000000
BUY,5,2024-06-17T12:00:00.000000000,2024-06-25T18:00:00.000000000
SELL,5,2024-06-25T18:00:00.000000000,2024-07-03T08:00:00.000000000
BUY,2,2024-07-03T08:00:00.000000000,2024-07-06T20:00:00.000000000
SELL,13,2024-07-06T20:00:00.000000000,2024-07-18T19:00:00.000000000
BUY,2,2024-07-18T19:00:00.000000000,2024-07-20T07:00:00.000000000
SELL,3,2024-07-20T07:00:00.000000000,2024-07-23T16:00:00.000000000
BUY,3,2024-07-23T16:00:00.000000000,2024-07-26T00:00:00.000000000
SELL,6,2024-07-26T00:00:00.000000000,2024-07-30T20:00:00.000000000
BUY,3,2024-07-30T20:00:00.000000000,2024-08-07T01:00:00.000000000
SELL,1,2024-08-07T01:00:00.000000000,2024-08-07T22:00:00.000000000
BUY,1,2024-08-07T22:00:00.000000000,2024-08-11T08:00:00.000000000
SELL,1,2024-08-11T08:00:00.000000000,2024-08-12T00:00:00.000000000
BUY,4,2024-08-12T00:00:00.000000000,2024-08-18T12:00:00.000000000
SELL,2,2024-08-18T12:00:00.000000000,2024-08-21T01:00:00.000000000
BUY,1,2024-08-21T01:00:00.000000000,2024-08-23T17:00:00.000000000
SELL,2,2024-08-23T17:00:00.000000000,2024-08-26T14:00:00.000000000
BUY,6,2024-08-26T14:00:00.000000000,2024-09-09T01:00:00.000000000
SELL,2,2024-09-09T01:00:00.000000000,2024-09-11T12:00:00.000000000
BUY,1,2024-09-11T12:00:00.000000000,2024-09-13T19:00:00.000000000
SELL,2,2024-09-13T19:00:00.000000000,2024-09-15T20:00:00.000000000
BUY,3,2024-09-15T20:00:00.000000000,2024-09-18T23:00:00.000000000
SELL,2,2024-09-18T23:00:00.000000000,2024-09-22T14:00:00.000000000
BUY,1,2024-09-22T14:00:00.000000000,2024-09-24T22:00:00.000000000
SELL,3,2024-09-24T22:00:00.000000000,2024-09-28T12:00:00.000000000
BUY,1,2024-09-28T12:00:00.000000000,2024-09-29T19:00:00.000000000
SELL,1,2024-09-29T19:00:00.000000000,2024-09-30T08:00:00.000000000
BUY,3,2024-09-30T08:00:00.000000000,2024-10-04T16:00:00.000000000
SELL,2,2024-10-04T16:00:00.000000000,2024-10-08T19:00:00.000000000
BUY,2,2024-10-08T19:00:00.000000000,2024-10-12T14:00:00.000000000
SELL,5,2024-10-12T14:00:00.000000000,2024-10-22T13:00:00.000000000
BUY,4,2024-10-22T13:00:00.000000000,2024-10-27T21:00:00.000000000
SELL,2,2024-10-27T21:00:00.000000000,2024-11-01T01:00:00.000000000
BUY,2,2024-11-01T01:00:00.000000000,2024-11-05T16:00:00.000000000
SELL,13,2024-11-05T16:00:00.000000000,2024-11-14T21:00:00.000000000
BUY,1,2024-11-14T21:00:00.000000000,2024-11-16T05:00:00.000000000
SELL,6,2024-11-16T05:00:00.000000000,2024-11-23T20:00:00.000000000
BUY,4,2024-11-23T20:00:00.000000000,2024-12-01T21:00:00.000000000
SELL,1,2024-12-01T21:00:00.000000000,2024-12-02T10:00:00.000000000
BUY,3,2024-12-02T10:00:00.000000000,2024-12-04T06:00:00.000000000
SELL,2,2024-12-04T06:00:00.000000000,2024-12-09T07:00:00.000000000
BUY,3,2024-12-09T07:00:00.000000000,2024-12-11T12:00:00.000000000
SELL,5,2024-12-11T12:00:00.000000000,2024-12-18T23:00:00.000000000
BUY,4,2024-12-18T23:00:00.000000000,2024-12-25T23:00:00.000000000
SELL,1,2024-12-25T23:00:00.000000000,2024-12-29T16:00:00.000000000
BUY,2,2024-12-29T16:00:00.000000000,2025-01-02T08:00:00.000000000
SELL,7,2025-01-02T08:00:00.000000000,2025-01-07T17:00:00.000000000
BUY,4,2025-01-07T17:00:00.000000000,2025-01-10T09:00:00.000000000
SELL,1,2025-01-10T09:00:00.000000000,2025-01-13T14:00:00.000000000
BUY,1,2025-01-13T14:00:00.000000000,2025-01-15T04:00:00.000000000
SELL,7,2025-01-15T04:00:00.000000000,2025-01-25T10:00:00.000000000
BUY,5,2025-01-25T10:00:00.000000000,2025-02-10T04:00:00.000000000
SELL,2,2025-02-10T04:00:00.000000000,2025-02-12T03:00:00.000000000
BUY,1,2025-02-12T03:00:00.000000000,2025-02-12T21:00:00.000000000
SELL,1,2025-02-12T21:00:00.000000000,2025-02-13T11:00:00.000000000
BUY,4,2025-02-13T11:00:00.000000000,2025-02-19T21:00:00.000000000
SELL,3,2025-02-19T21:00:00.000000000,2025-02-21T17:00:00.000000000
BUY,10,2025-02-21T17:00:00.000000000,2025-02-28T18:00:00.000000000
SELL,6,2025-02-28T18:00:00.000000000,2025-03-07T20:00:00.000000000
BUY,5,2025-03-07T20:00:00.000000000,2025-03-15T01:00:00.000000000
SELL,2,2025-03-15T01:00:00.000000000,2025-03-16T19:00:00.000000000
BUY,2,2025-03-16T19:00:00.000000000,2025-03-19T05:00:00.000000000
SELL,7,2025-03-19T05:00:00.000000000,2025-03-26T16:00:00.000000000
BUY,5,2025-03-26T16:00:00.000000000,2025-04-02T20:00:00.000000000
SELL,1,2025-04-02T20:00:00.000000000,2025-04-06T10:00:00.000000000
BUY,6,2025-04-06T10:00:00.000000000,2025-04-09T16:00:00.000000000
SELL,6,2025-04-09T16:00:00.000000000,2025-04-13T19:00:00.000000000
BUY,2,2025-04-13T19:00:00.000000000,2025-04-15T08:00:00.000000000
SELL,1,2025-04-15T08:00:00.000000000,2025-04-16T08:00:00.000000000
BUY,1,2025-04-16T08:00:00.000000000,2025-04-19T08:00:00.000000000
SELL,14,2025-04-19T08:00:00.000000000,2025-05-03T17:00:00.000000000
BUY,3,2025-05-03T17:00:00.000000000,2025-05-08T08:00:00.000000000
SELL,5,2025-05-08T08:00:00.000000000,2025-05-15T14:00:00.000000000
BUY,1,2025-05-15T14:00:00.000000000,2025-05-18T22:00:00.000000000
SELL,1,2025-05-18T22:00:00.000000000,2025-05-19T12:00:00.000000000
BUY,1,2025-05-19T12:00:00.000000000,2025-05-19T23:00:00.000000000
SELL,3,2025-05-19T23:00:00.000000000,2025-05-25T07:00:00.000000000
BUY,2,2025-05-25T07:00:00.000000000,2025-05-26T06:00:00.000000000
SELL,1,2025-05-26T06:00:00.000000000,2025-05-28T19:00:00.000000000
BUY,3,2025-05-28T19:00:00.000000000,2025-06-01T20:00:00.000000000
SELL,2,2025-06-01T20:00:00.000000000,2025-06-05T13:00:00.000000000
BUY,1,2025-06-05T13:00:00.000000000,2025-06-07T18:00:00.000000000
SELL,4,2025-06-07T18:00:00.000000000,2025-06-11T21:00:00.000000000
BUY,6,2025-06-11T21:00:00.000000000,2025-06-16T14:00:00.000000000
SELL,3,2025-06-16T14:00:00.000000000,2025-06-18T17:00:00.000000000
BUY,3,2025-06-18T17:00:00.000000000,2025-06-23T17:00:00.000000000
SELL,4,2025-06-23T17:00:00.000000000,2025-07-01T13:00:00.000000000
BUY,3,2025-07-01T13:00:00.000000000,2025-07-02T13:00:00.000000000
SELL,3,2025-07-02T13:00:00.000000000,2025-07-04T19:00:00.000000000
BUY,1,2025-07-04T19:00:00.000000000,2025-07-07T03:00:00.000000000
SELL,1,2025-07-07T03:00:00.000000000,2025-07-07T16:00:00.000000000
BUY,1,2025-07-07T16:00:00.000000000,2025-07-10T02:00:00.000000000
SELL,6,2025-07-10T02:00:00.000000000,2025-07-15T14:00:00.000000000
BUY,1,2025-07-15T14:00:00.000000000,2025-07-16T18:00:00.000000000
SELL,3,2025-07-16T18:00:00.000000000,2025-07-18T18:00:00.000000000
BUY,2,2025-07-18T18:00:00.000000000,2025-07-22T09:00:00.000000000
SELL,2,2025-07-22T09:00:00.000000000,2025-07-23T12:00:00.000000000
BUY,2,2025-07-23T12:00:00.000000000,2025-07-26T08:00:00.000000000
SELL,5,2025-07-26T08:00:00.000000000,2025-07-29T02:00:00.000000000
BUY,4,2025-07-29T02:00:00.000000000,2025-08-04T00:00:00.000000000
SELL,2,2025-08-04T00:00:00.000000000,2025-08-05T12:00:00.000000000
BUY,1,2025-08-05T12:00:00.000000000,2025-08-07T22:00:00.000000000
SELL,3,2025-08-07T22:00:00.000000000,2025-08-12T09:00:00.000000000
BUY,1,2025-08-12T09:00:00.000000000,2025-08-12T20:00:00.000000000
SELL,2,2025-08-12T20:00:00.000000000,2025-08-14T16:00:00.000000000
BUY,1,2025-08-14T16:00:00.000000000,2025-08-17T13:00:00.000000000
SELL,1,2025-08-17T13:00:00.000000000,2025-08-18T06:00:00.000000000
BUY,3,2025-08-18T06:00:00.000000000,2025-08-20T21:00:00.000000000
SELL,1,2025-08-20T21:00:00.000000000,2025-08-21T14:00:00.000000000
BUY,1,2025-08-21T14:00:00.000000000,2025-08-22T18:00:00.000000000
SELL,1,2025-08-22T18:00:00.000000000,2025-08-24T05:00:00.000000000
BUY,4,2025-08-24T05:00:00.000000000,2025-08-28T13:00:00.000000000
SELL,1,2025-08-28T13:00:00.000000000,2025-08-29T13:00:00.000000000
BUY,4,2025-08-29T13:00:00.000000000,2025-09-02T08:00:00.000000000
SELL,3,2025-09-02T08:00:00.000000000,2025-09-05T17:00:00.000000000
BUY,1,2025-09-05T17:00:00.000000000,2025-09-11T06:00:00.000000000
SELL,5,2025-09-11T06:00:00.000000000,2025-09-17T16:00:00.000000000
BUY,1,2025-09-17T16:00:00.000000000,2025-09-18T18:00:00.000000000
SELL,1,2025-09-18T18:00:00.000000000,2025-09-19T18:00:00.000000000
BUY,4,2025-09-19T18:00:00.000000000,2025-09-24T17:00:00.000000000
SELL,1,2025-09-24T17:00:00.000000000,2025-09-25T11:00:00.000000000
BUY,2,2025-09-25T11:00:00.000000000,2025-09-29T12:00:00.000000000
SELL,3,2025-09-29T12:00:00.000000000,2025-09-30T16:00:00.000000000
BUY,1,2025-09-30T16:00:00.000000000,2025-10-01T22:00:00.000000000
SELL,3,2025-10-01T22:00:00.000000000,2025-10-06T00:00:00.000000000
