tipo,datetime,precio,pos_en_racha,precio_inicio,pct_vs_inicio,racha_id
BUY,2021-11-16 03:00:00,60422.2,1,60422.2,0.0,1
BUY,2021-11-16 06:00:00,60293.06,2,60422.2,-0.2137,1
BUY,2021-11-16 09:00:00,60200.0,3,60422.2,-0.3677,1
BUY,2021-11-18 22:00:00,56525.0,4,60422.2,-6.4499,1
SELL,2021-11-19 23:00:00,58120.0,1,58120.0,0.0,2
SELL,2021-11-20 12:00:00,58834.98,2,58120.0,1.2302,2
SELL,2021-11-20 21:00:00,59650.0,3,58120.0,2.6325,2
BUY,2021-11-22 18:00:00,56404.66,1,56404.66,0.0,3
SELL,2021-11-25 12:00:00,58712.0,1,58712.0,0.0,4
SELL,2021-11-25 23:00:00,59398.9,2,58712.0,1.1699,4
BUY,2021-11-26 10:00:00,54304.6,1,54304.6,0.0,5
BUY,2021-11-26 18:00:00,53927.44,2,54304.6,-0.6945,5
BUY,2021-11-26 22:00:00,53800.0,3,54304.6,-0.9292,5
SELL,2021-11-27 16:00:00,55224.44,1,55224.44,0.0,6
BUY,2021-12-02 16:00:00,56001.0,1,56001.0,0.0,7
BUY,2021-12-04 11:00:00,46131.71,2,56001.0,-17.6234,7
SELL,2021-12-07 12:00:00,51542.0,1,51542.0,0.0,8
SELL,2021-12-07 15:00:00,51936.33,2,51542.0,0.7651,8
SELL,2021-12-11 08:00:00,48900.0,3,51542.0,-5.1259,8
BUY,2021-12-13 19:00:00,45672.75,1,45672.75,0.0,9
SELL,2021-12-15 00:00:00,48761.0,1,48761.0,0.0,10
SELL,2021-12-15 07:00:00,48450.0,2,48761.0,-0.6378,10
SELL,2021-12-16 07:00:00,49072.3,3,48761.0,0.6384,10
BUY,2021-12-18 02:00:00,45500.0,1,45500.0,0.0,11
SELL,2021-12-21 08:00:00,49000.0,1,49000.0,0.0,12
SELL,2021-12-21 12:00:00,49328.96,2,49000.0,0.6713,12
SELL,2021-12-22 02:00:00,49576.13,3,49000.0,1.1758,12
SELL,2021-12-24 01:00:00,51375.0,4,49000.0,4.8469,12
SELL,2021-12-24 08:00:00,51198.0,5,49000.0,4.4857,12
BUY,2021-12-28 10:00:00,48755.32,1,48755.32,0.0,13
BUY,2021-12-28 16:00:00,48124.0,2,48755.32,-1.2949,13
BUY,2022-01-06 09:00:00,42430.58,3,48755.32,-12.9724,13
SELL,2022-01-12 20:00:00,43993.66,1,43993.66,0.0,14
BUY,2022-01-13 19:00:00,42535.0,1,42535.0,0.0,15
SELL,2022-01-14 19:00:00,43408.0,1,43408.0,0.0,16
SELL,2022-01-14 21:00:00,43448.78,2,43408.0,0.0939,16
BUY,2022-01-17 21:00:00,41609.78,1,41609.78,0.0,17
BUY,2022-01-18 13:00:00,41400.0,2,41609.78,-0.5042,17
BUY,2022-01-21 12:00:00,37710.0,3,41609.78,-9.3723,17
BUY,2022-01-21 18:00:00,37850.0,4,41609.78,-9.0358,17
BUY,2022-01-22 09:00:00,34664.0,5,41609.78,-16.6927,17
BUY,2022-01-22 16:00:00,34520.59,6,41609.78,-17.0373,17
SELL,2022-01-26 02:00:00,37047.83,1,37047.83,0.0,18
SELL,2022-01-26 09:00:00,37975.57,2,37047.83,2.5042,18
SELL,2022-01-26 13:00:00,38275.0,3,37047.83,3.3124,18
SELL,2022-01-29 07:00:00,37925.0,4,37047.83,2.3677,18
BUY,2022-01-31 11:00:00,36880.0,1,36880.0,0.0,19
BUY,2022-02-02 21:00:00,36586.95,2,36880.0,-0.7946,19
BUY,2022-02-03 12:00:00,36250.0,3,36880.0,-1.7082,19
BUY,2022-02-03 19:00:00,36449.43,4,36880.0,-1.1675,19
SELL,2022-02-04 10:00:00,38236.08,1,38236.08,0.0,20
SELL,2022-02-04 18:00:00,40662.01,2,38236.08,6.3446,20
SELL,2022-02-04 23:00:00,41772.33,3,38236.08,9.2485,20
SELL,2022-02-05 06:00:00,41748.18,4,38236.08,9.1853,20
SELL,2022-02-05 14:00:00,41755.3,5,38236.08,9.2039,20
SELL,2022-02-06 20:00:00,41748.03,6,38236.08,9.1849,20
SELL,2022-02-07 02:00:00,42695.0,7,38236.08,11.6616,20
SELL,2022-02-07 05:00:00,43000.0,8,38236.08,12.4592,20
SELL,2022-02-07 12:00:00,42790.6,9,38236.08,11.9116,20
SELL,2022-02-08 04:00:00,44363.34,10,38236.08,16.0248,20
SELL,2022-02-10 15:00:00,45669.71,11,38236.08,19.4414,20
BUY,2022-02-11 06:00:00,42814.23,1,42814.23,0.0,21
BUY,2022-02-11 22:00:00,42000.0,2,42814.23,-1.9018,21
BUY,2022-02-12 14:00:00,41800.13,3,42814.23,-2.3686,21
SELL,2022-02-15 14:00:00,44500.0,1,44500.0,0.0,22
BUY,2022-02-17 08:00:00,43330.0,1,43330.0,0.0,23
BUY,2022-02-18 22:00:00,39711.31,2,43330.0,-8.3515,23
BUY,2022-02-20 21:00:00,38048.49,3,43330.0,-12.189,23
SELL,2022-02-25 11:00:00,38876.91,1,38876.91,0.0,24
SELL,2022-02-25 22:00:00,39491.0,2,38876.91,1.5796,24
SELL,2022-03-01 11:00:00,43887.0,3,38876.91,12.8871,24
SELL,2022-03-01 20:00:00,44102.61,4,38876.91,13.4417,24
SELL,2022-03-01 23:00:00,44506.65,5,38876.91,14.4809,24
SELL,2022-03-02 12:00:00,44350.0,6,38876.91,14.078,24
BUY,2022-03-04 00:00:00,41509.94,1,41509.94,0.0,25
BUY,2022-03-05 04:00:00,38407.59,2,41509.94,-7.4738,25
BUY,2022-03-05 10:00:00,38784.69,3,41509.94,-6.5653,25
BUY,2022-03-06 09:00:00,38623.93,4,41509.94,-6.9526,25
SELL,2022-03-09 08:00:00,42438.81,1,42438.81,0.0,26
SELL,2022-03-09 12:00:00,42545.45,2,42438.81,0.2513,26
SELL,2022-03-09 15:00:00,42594.06,3,42438.81,0.3658,26
BUY,2022-03-10 08:00:00,38782.14,1,38782.14,0.0,27
BUY,2022-03-10 13:00:00,38539.73,2,38782.14,-0.6251,27
SELL,2022-03-15 22:00:00,39887.61,1,39887.61,0.0,28
SELL,2022-03-17 05:00:00,41478.82,2,39887.61,3.9892,28
SELL,2022-03-19 11:00:00,41791.52,3,39887.61,4.7732,28
BUY,2022-03-20 15:00:00,41252.67,1,41252.67,0.0,29
SELL,2022-03-28 00:00:00,47650.0,1,47650.0,0.0,30
SELL,2022-03-28 18:00:00,48085.0,2,47650.0,0.9129,30
BUY,2022-03-30 19:00:00,46831.81,1,46831.81,0.0,31
BUY,2022-03-31 23:00:00,45200.0,2,46831.81,-3.4844,31
BUY,2022-04-01 01:00:00,44868.0,3,46831.81,-4.1933,31
SELL,2022-04-03 18:00:00,46770.65,1,46770.65,0.0,32
BUY,2022-04-05 19:00:00,45457.89,1,45457.89,0.0,33
BUY,2022-04-05 23:00:00,45353.81,2,45457.89,-0.229,33
BUY,2022-04-06 23:00:00,43121.0,3,45457.89,-5.1408,33
BUY,2022-04-08 18:00:00,42414.0,4,45457.89,-6.6961,33
BUY,2022-04-11 00:00:00,41755.0,5,45457.89,-8.1458,33
SELL,2022-04-13 19:00:00,41561.31,1,41561.31,0.0,34
BUY,2022-04-14 18:00:00,39626.06,1,39626.06,0.0,35
BUY,2022-04-17 23:00:00,39546.17,2,39626.06,-0.2016,35
BUY,2022-04-22 13:00:00,40050.0,3,39626.06,1.0699,35
BUY,2022-04-23 02:00:00,39429.31,4,39626.06,-0.4965,35
BUY,2022-04-26 19:00:00,37842.49,5,39626.06,-4.501,35
BUY,2022-04-26 23:00:00,37702.26,6,39626.06,-4.8549,35
SELL,2022-04-28 18:00:00,40372.63,1,40372.63,0.0,36
BUY,2022-04-29 16:00:00,38435.42,1,38435.42,0.0,37
SELL,2022-05-02 06:00:00,39167.34,1,39167.34,0.0,38
SELL,2022-05-02 13:00:00,39155.47,2,39167.34,-0.0303,38
SELL,2022-05-04 16:00:00,39475.0,3,39167.34,0.7855,38
BUY,2022-05-05 18:00:00,36001.0,1,36001.0,0.0,39
BUY,2022-05-06 10:00:00,35793.81,2,36001.0,-0.5755,39
BUY,2022-05-07 17:00:00,35865.89,3,36001.0,-0.3753,39
BUY,2022-05-08 01:00:00,34690.5,4,36001.0,-3.6402,39
BUY,2022-05-08 13:00:00,34361.0,5,36001.0,-4.5554,39
BUY,2022-05-09 23:00:00,30033.33,6,36001.0,-16.5764,39
BUY,2022-05-14 13:00:00,28786.76,7,36001.0,-20.039,39
BUY,2022-05-14 16:00:00,28630.0,8,36001.0,-20.4744,39
SELL,2022-05-15 18:00:00,30423.0,1,30423.0,0.0,40
BUY,2022-05-16 15:00:00,29313.48,1,29313.48,0.0,41
SELL,2022-05-17 05:00:00,30530.0,1,30530.0,0.0,42
BUY,2022-05-18 23:00:00,28654.47,1,28654.47,0.0,43
SELL,2022-05-19 21:00:00,30486.57,1,30486.57,0.0,44
BUY,2022-05-23 22:00:00,29035.58,1,29035.58,0.0,45
BUY,2022-05-26 12:00:00,28800.0,2,29035.58,-0.8113,45
BUY,2022-05-27 14:00:00,28742.92,3,29035.58,-1.0079,45
SELL,2022-05-29 10:00:00,29216.76,1,29216.76,0.0,46
SELL,2022-06-03 01:00:00,30699.0,2,29216.76,5.0733,46
BUY,2022-06-04 01:00:00,29546.86,1,29546.86,0.0,47
SELL,2022-06-06 06:00:00,31434.75,1,31434.75,0.0,48
SELL,2022-06-06 08:00:00,31483.28,2,31434.75,0.1544,48
SELL,2022-06-06 11:00:00,31599.37,3,31434.75,0.5237,48
SELL,2022-06-06 14:00:00,31765.64,4,31434.75,1.0526,48
SELL,2022-06-06 21:00:00,31599.85,5,31434.75,0.5252,48
BUY,2022-06-07 11:00:00,29345.0,1,29345.0,0.0,49
BUY,2022-06-12 05:00:00,27190.0,2,29345.0,-7.3437,49
BUY,2022-06-13 07:00:00,24555.0,3,29345.0,-16.3231,49
BUY,2022-06-13 13:00:00,23338.73,4,29345.0,-20.4678,49
BUY,2022-06-15 03:00:00,21406.68,5,29345.0,-27.0517,49
BUY,2022-06-15 07:00:00,20652.18,6,29345.0,-29.6228,49
SELL,2022-06-16 00:00:00,22806.59,1,22806.59,0.0,50
SELL,2022-06-20 15:00:00,21090.0,2,22806.59,-7.5267,50
SELL,2022-06-21 13:00:00,21650.0,3,22806.59,-5.0713,50
BUY,2022-06-22 15:00:00,20035.54,1,20035.54,0.0,51
BUY,2022-06-22 20:00:00,19770.51,2,20035.54,-1.3228,51
SELL,2022-06-23 08:00:00,20659.46,1,20659.46,0.0,52
SELL,2022-06-23 12:00:00,20829.21,2,20659.46,0.8217,52
SELL,2022-06-23 22:00:00,21233.0,3,20659.46,2.7762,52
BUY,2022-06-27 18:00:00,20510.0,1,20510.0,0.0,53
BUY,2022-06-29 00:00:00,20152.0,2,20510.0,-1.7455,53
BUY,2022-06-29 05:00:00,20071.64,3,20510.0,-2.1373,53
BUY,2022-06-29 11:00:00,19854.92,4,20510.0,-3.194,53
BUY,2022-06-30 13:00:00,18756.71,5,20510.0,-8.5485,53
BUY,2022-06-30 19:00:00,18850.21,6,20510.0,-8.0926,53
SELL,2022-07-04 15:00:00,20143.02,1,20143.02,0.0,54
SELL,2022-07-07 18:00:00,21406.89,2,20143.02,6.2745,54
BUY,2022-07-10 10:00:00,21220.53,1,21220.53,0.0,55
BUY,2022-07-10 22:00:00,20698.9,2,21220.53,-2.4581,55
BUY,2022-07-11 00:00:00,20675.11,3,21220.53,-2.5702,55
BUY,2022-07-11 04:00:00,20425.0,4,21220.53,-3.7489,55
BUY,2022-07-12 06:00:00,19802.15,5,21220.53,-6.684,55
BUY,2022-07-12 09:00:00,19558.12,6,21220.53,-7.834,55
BUY,2022-07-12 22:00:00,19240.0,7,21220.53,-9.3331,55
SELL,2022-07-15 07:00:00,20936.0,1,20936.0,0.0,56
SELL,2022-07-15 13:00:00,21090.0,2,20936.0,0.7356,56
SELL,2022-07-19 21:00:00,23800.0,3,20936.0,13.6798,56
SELL,2022-07-20 10:00:00,23888.04,4,20936.0,14.1003,56
BUY,2022-07-23 14:00:00,22039.89,1,22039.89,0.0,57
BUY,2022-07-23 17:00:00,21947.22,2,22039.89,-0.4205,57
BUY,2022-07-25 12:00:00,21814.4,3,22039.89,-1.0231,57
BUY,2022-07-25 19:00:00,21552.53,4,22039.89,-2.2113,57
BUY,2022-07-25 22:00:00,21509.79,5,22039.89,-2.4052,57
BUY,2022-07-26 15:00:00,20706.5,6,22039.89,-6.0499,57
SELL,2022-07-28 02:00:00,23460.58,1,23460.58,0.0,58
SELL,2022-07-28 20:00:00,24199.72,2,23460.58,3.1506,58
BUY,2022-07-31 22:00:00,23227.31,1,23227.31,0.0,59
BUY,2022-08-01 17:00:00,22876.74,2,23227.31,-1.5093,59
BUY,2022-08-02 07:00:00,22715.61,3,23227.31,-2.203,59
SELL,2022-08-05 11:00:00,23441.1,1,23441.1,0.0,60
SELL,2022-08-08 04:00:00,23359.76,2,23441.1,-0.347,60
SELL,2022-08-08 12:00:00,24245.0,3,23441.1,3.4294,60
SELL,2022-08-10 21:00:00,24226.0,4,23441.1,3.3484,60
SELL,2022-08-11 04:00:00,24543.35,5,23441.1,4.7022,60
SELL,2022-08-11 12:00:00,24918.54,6,23441.1,6.3028,60
SELL,2022-08-13 06:00:00,24888.0,7,23441.1,6.1725,60
SELL,2022-08-14 04:00:00,24641.97,8,23441.1,5.1229,60
BUY,2022-08-15 00:00:00,24164.1,1,24164.1,0.0,61
BUY,2022-08-19 11:00:00,21261.96,2,24164.1,-12.0101,61
BUY,2022-08-19 19:00:00,21149.95,3,24164.1,-12.4737,61
SELL,2022-08-21 18:00:00,21504.08,1,21504.08,0.0,62
BUY,2022-08-26 15:00:00,20635.12,1,20635.12,0.0,63
SELL,2022-08-29 16:00:00,20433.62,1,20433.62,0.0,64
SELL,2022-08-30 07:00:00,20576.25,2,20433.62,0.698,64
SELL,2022-08-31 06:00:00,20490.0,3,20433.62,0.2759,64
SELL,2022-09-04 17:00:00,19956.54,4,20433.62,-2.3348,64
BUY,2022-09-07 02:00:00,18510.77,1,18510.77,0.0,65
SELL,2022-09-08 04:00:00,19391.22,1,19391.22,0.0,66
SELL,2022-09-09 08:00:00,20976.2,2,19391.22,8.1737,66
SELL,2022-09-09 10:00:00,21200.0,3,19391.22,9.3278,66
SELL,2022-09-09 12:00:00,21261.22,4,19391.22,9.6435,66
SELL,2022-09-09 15:00:00,21337.72,5,19391.22,10.038,66
SELL,2022-09-12 14:00:00,22488.0,6,19391.22,15.97,66
SELL,2022-09-13 11:00:00,22713.92,7,19391.22,17.1351,66
BUY,2022-09-13 21:00:00,19860.0,1,19860.0,0.0,67
BUY,2022-09-14 11:00:00,20091.19,2,19860.0,1.1641,67
BUY,2022-09-18 14:00:00,19725.0,3,19860.0,-0.6798,67
BUY,2022-09-19 05:00:00,18386.0,4,19860.0,-7.422,67
BUY,2022-09-20 17:00:00,18711.87,5,19860.0,-5.7811,67
SELL,2022-09-22 23:00:00,19550.17,1,19550.17,0.0,68
SELL,2022-09-27 06:00:00,20350.0,2,19550.17,4.0912,68
BUY,2022-09-28 09:00:00,18565.0,1,18565.0,0.0,69
SELL,2022-10-04 13:00:00,20155.0,1,20155.0,0.0,70
SELL,2022-10-04 19:00:00,20272.98,2,20155.0,0.5854,70
SELL,2022-10-06 00:00:00,20389.0,3,20155.0,1.161,70
SELL,2022-10-06 04:00:00,20456.6,4,20155.0,1.4964,70
BUY,2022-10-10 14:00:00,19221.41,1,19221.41,0.0,71
BUY,2022-10-11 00:00:00,18950.01,2,19221.41,-1.412,71
SELL,2022-10-14 12:00:00,19854.48,1,19854.48,0.0,72
BUY,2022-10-15 07:00:00,19133.16,1,19133.16,0.0,73
BUY,2022-10-15 21:00:00,19049.0,2,19133.16,-0.4399,73
SELL,2022-10-18 13:00:00,19680.49,1,19680.49,0.0,74
BUY,2022-10-19 11:00:00,19140.01,1,19140.01,0.0,75
BUY,2022-10-20 20:00:00,18929.38,2,19140.01,-1.1005,75
SELL,2022-10-21 19:00:00,19250.0,1,19250.0,0.0,76
SELL,2022-10-23 21:00:00,19599.0,2,19250.0,1.813,76
SELL,2022-10-26 03:00:00,20308.0,3,19250.0,5.4961,76
SELL,2022-10-26 07:00:00,20382.56,4,19250.0,5.8834,76
SELL,2022-10-26 22:00:00,20905.05,5,19250.0,8.5977,76
BUY,2022-10-27 22:00:00,20200.0,1,20200.0,0.0,77
BUY,2022-10-28 12:00:00,20000.09,2,20200.0,-0.9897,77
BUY,2022-11-02 10:00:00,20339.99,3,20200.0,0.693,77
SELL,2022-11-05 03:00:00,21480.65,1,21480.65,0.0,78
BUY,2022-11-07 04:00:00,20818.65,1,20818.65,0.0,79
BUY,2022-11-07 21:00:00,20616.34,2,20818.65,-0.9718,79
BUY,2022-11-08 13:00:00,19500.01,3,20818.65,-6.3339,79
BUY,2022-11-09 02:00:00,18113.73,4,20818.65,-12.9928,79
BUY,2022-11-09 15:00:00,16918.83,5,20818.65,-18.7323,79
SELL,2022-11-10 20:00:00,18199.0,1,18199.0,0.0,80
BUY,2022-11-14 00:00:00,16100.0,1,16100.0,0.0,81
BUY,2022-11-14 04:00:00,15853.66,2,16100.0,-1.5301,81
SELL,2022-11-17 21:00:00,16749.0,1,16749.0,0.0,82
BUY,2022-11-21 00:00:00,16123.01,1,16123.01,0.0,83
BUY,2022-11-21 21:00:00,15476.0,2,16123.01,-4.013,83
SELL,2022-11-22 22:00:00,16254.99,1,16254.99,0.0,84
SELL,2022-11-23 00:00:00,16261.58,2,16254.99,0.0405,84
SELL,2022-11-23 07:00:00,16662.1,3,16254.99,2.5045,84
SELL,2022-11-23 10:00:00,16677.25,4,16254.99,2.5977,84
BUY,2022-11-26 22:00:00,16385.0,1,16385.0,0.0,85
SELL,2022-11-29 08:00:00,16548.71,1,16548.71,0.0,86
SELL,2022-11-30 16:00:00,16907.9,2,16548.71,2.1705,86
SELL,2022-12-04 05:00:00,17068.0,3,16548.71,3.1379,86
SELL,2022-12-05 04:00:00,17424.25,4,16548.71,5.2907,86
BUY,2022-12-06 05:00:00,16962.18,1,16962.18,0.0,87
BUY,2022-12-08 06:00:00,16777.0,2,16962.18,-1.0917,87
SELL,2022-12-09 01:00:00,17300.0,1,17300.0,0.0,88
SELL,2022-12-12 23:00:00,17241.89,2,17300.0,-0.3359,88
BUY,2022-12-15 18:00:00,17314.0,1,17314.0,0.0,89
BUY,2022-12-15 22:00:00,17275.51,2,17314.0,-0.2223,89
BUY,2022-12-16 14:00:00,16890.46,3,17314.0,-2.4462,89
BUY,2022-12-16 22:00:00,16690.34,4,17314.0,-3.6021,89
BUY,2022-12-17 10:00:00,16661.71,5,17314.0,-3.7674,89
SELL,2022-12-24 21:00:00,16869.99,1,16869.99,0.0,90
BUY,2022-12-28 01:00:00,16649.99,1,16649.99,0.0,91
BUY,2022-12-30 13:00:00,16457.63,2,16649.99,-1.1553,91
SELL,2023-01-02 00:00:00,16629.05,1,16629.05,0.0,92
SELL,2023-01-04 08:00:00,16919.0,2,16629.05,1.7436,92
SELL,2023-01-09 04:00:00,17253.19,3,16629.05,3.7533,92
SELL,2023-01-09 09:00:00,17270.0,4,16629.05,3.8544,92
SELL,2023-01-09 13:00:00,17295.55,5,16629.05,4.008,92
SELL,2023-01-11 00:00:00,17502.83,6,16629.05,5.2545,92
SELL,2023-01-11 07:00:00,17462.99,7,16629.05,5.015,92
SELL,2023-01-11 20:00:00,17581.75,8,16629.05,5.7291,92
SELL,2023-01-13 14:00:00,19143.28,9,16629.05,15.1195,92
SELL,2023-01-14 14:00:00,21200.0,10,16629.05,27.4877,92
SELL,2023-01-17 21:00:00,21413.15,11,16629.05,28.7695,92
SELL,2023-01-21 07:00:00,22670.0,12,16629.05,36.3277,92
SELL,2023-01-23 18:00:00,23180.0,13,16629.05,39.3946,92
SELL,2023-01-24 05:00:00,23162.2,14,16629.05,39.2876,92
SELL,2023-01-24 21:00:00,23080.45,15,16629.05,38.796,92
SELL,2023-01-29 13:00:00,23666.0,16,16629.05,42.3172,92
SELL,2023-01-29 18:00:00,23759.0,17,16629.05,42.8765,92
BUY,2023-01-30 22:00:00,22500.0,1,22500.0,0.0,93
BUY,2023-02-05 16:00:00,22990.8,2,22500.0,2.1813,93
BUY,2023-02-09 02:00:00,22801.15,3,22500.0,1.3384,93
BUY,2023-02-09 15:00:00,22556.32,4,22500.0,0.2503,93
BUY,2023-02-10 04:00:00,21704.0,5,22500.0,-3.5378,93
BUY,2023-02-10 21:00:00,21451.0,6,22500.0,-4.6622,93
SELL,2023-02-12 14:00:00,21995.6,1,21995.6,0.0,94
BUY,2023-02-13 02:00:00,21622.47,1,21622.47,0.0,95
SELL,2023-02-14 12:00:00,21897.0,1,21897.0,0.0,96
SELL,2023-02-15 09:00:00,22199.6,2,21897.0,1.3819,96
SELL,2023-02-15 16:00:00,22943.17,3,21897.0,4.7777,96
SELL,2023-02-15 18:00:00,23052.99,4,21897.0,5.2792,96
SELL,2023-02-15 22:00:00,24380.0,5,21897.0,11.3395,96
SELL,2023-02-17 19:00:00,24560.64,6,21897.0,12.1644,96
BUY,2023-02-19 20:00:00,24252.67,1,24252.67,0.0,97
BUY,2023-02-19 23:00:00,24192.57,2,24252.67,-0.2478,97
BUY,2023-02-21 21:00:00,24148.34,3,24252.67,-0.4302,97
BUY,2023-02-22 01:00:00,24108.0,4,24252.67,-0.5965,97
BUY,2023-02-22 14:00:00,23916.32,5,24252.67,-1.3869,97
BUY,2023-02-24 19:00:00,22841.19,6,24252.67,-5.8199,97
BUY,2023-02-25 09:00:00,23000.0,7,24252.67,-5.1651,97
BUY,2023-02-25 18:00:00,22969.31,8,24252.67,-5.2916,97
BUY,2023-02-27 18:00:00,23150.0,9,24252.67,-4.5466,97
BUY,2023-03-01 00:00:00,23020.03,10,24252.67,-5.0825,97
BUY,2023-03-02 12:00:00,23319.0,11,24252.67,-3.8498,97
BUY,2023-03-08 13:00:00,21940.0,12,24252.67,-9.5357,97
BUY,2023-03-10 00:00:00,20022.0,13,24252.67,-17.4441,97
SELL,2023-03-12 20:00:00,21361.57,1,21361.57,0.0,98
SELL,2023-03-13 06:00:00,22506.0,2,21361.57,5.3574,98
SELL,2023-03-13 13:00:00,22590.0,3,21361.57,5.7507,98
SELL,2023-03-14 01:00:00,24441.48,4,21361.57,14.418,98
SELL,2023-03-17 06:00:00,26196.4,5,21361.57,22.6333,98
SELL,2023-03-17 08:00:00,26212.0,6,21361.57,22.7063,98
SELL,2023-03-19 18:00:00,28320.0,7,21361.57,32.5745,98
SELL,2023-03-22 05:00:00,28288.0,8,21361.57,32.4247,98
BUY,2023-03-24 20:00:00,27486.89,1,27486.89,0.0,99
BUY,2023-03-28 01:00:00,26800.0,2,27486.89,-2.499,99
SELL,2023-03-29 14:00:00,28590.0,1,28590.0,0.0,100
BUY,2023-04-02 15:00:00,28037.59,1,28037.59,0.0,101
BUY,2023-04-02 19:00:00,27856.43,2,28037.59,-0.6461,101
SELL,2023-04-10 22:00:00,29747.01,1,29747.01,0.0,102
SELL,2023-04-11 12:00:00,30200.58,2,29747.01,1.5248,102
SELL,2023-04-14 06:00:00,31000.0,3,29747.01,4.2122,102
BUY,2023-04-17 10:00:00,29764.28,1,29764.28,0.0,103
BUY,2023-04-17 13:00:00,29250.0,2,29764.28,-1.7278,103
BUY,2023-04-17 15:00:00,29240.65,3,29764.28,-1.7593,103
BUY,2023-04-19 17:00:00,29080.0,4,29764.28,-2.299,103
BUY,2023-04-20 16:00:00,28260.0,5,29764.28,-5.054,103
BUY,2023-04-21 22:00:00,27125.0,6,29764.28,-8.8673,103
BUY,2023-04-22 07:00:00,27225.0,7,29764.28,-8.5313,103
BUY,2023-04-22 10:00:00,27184.24,8,29764.28,-8.6682,103
SELL,2023-04-22 22:00:00,27875.06,1,27875.06,0.0,104
SELL,2023-04-26 00:00:00,28481.0,2,27875.06,2.1738,104
SELL,2023-04-26 06:00:00,28599.0,3,27875.06,2.5971,104
SELL,2023-04-26 08:00:00,28780.0,4,27875.06,3.2464,104
BUY,2023-05-01 05:00:00,28250.15,1,28250.15,0.0,105
BUY,2023-05-01 19:00:00,27799.99,2,28250.15,-1.5935,105
BUY,2023-05-02 04:00:00,27918.45,3,28250.15,-1.1742,105
BUY,2023-05-02 13:00:00,27936.26,4,28250.15,-1.1111,105
SELL,2023-05-02 18:00:00,28811.98,1,28811.98,0.0,106
SELL,2023-05-04 05:00:00,29215.9,2,28811.98,1.4019,106
BUY,2023-05-08 03:00:00,28004.23,1,28004.23,0.0,107
BUY,2023-05-08 07:00:00,27830.85,2,28004.23,-0.6191,107
BUY,2023-05-08 14:00:00,27669.5,3,28004.23,-1.1953,107
BUY,2023-05-08 17:00:00,27523.0,4,28004.23,-1.7184,107
SELL,2023-05-15 04:00:00,27300.0,1,27300.0,0.0,108
SELL,2023-05-15 14:00:00,27534.0,2,27300.0,0.8571,108
SELL,2023-05-15 16:00:00,27586.0,3,27300.0,1.0476,108
BUY,2023-05-16 10:00:00,26987.02,1,26987.02,0.0,109
BUY,2023-05-16 19:00:00,26880.0,2,26987.02,-0.3966,109
BUY,2023-05-17 14:00:00,26544.71,3,26987.02,-1.639,109
SELL,2023-05-18 12:00:00,27472.14,1,27472.14,0.0,110
BUY,2023-05-22 02:00:00,26538.21,1,26538.21,0.0,111
BUY,2023-05-24 06:00:00,26613.0,2,26538.21,0.2818,111
BUY,2023-05-25 00:00:00,26197.12,3,26538.21,-1.2853,111
SELL,2023-05-28 03:00:00,27247.1,1,27247.1,0.0,112
SELL,2023-05-28 21:00:00,27956.0,2,27247.1,2.6017,112
BUY,2023-05-31 16:00:00,26839.01,1,26839.01,0.0,113
SELL,2023-06-02 22:00:00,27300.0,1,27300.0,0.0,114
BUY,2023-06-05 09:00:00,26713.74,1,26713.74,0.0,115
BUY,2023-06-05 19:00:00,25388.0,2,26713.74,-4.9628,115
BUY,2023-06-06 11:00:00,25640.33,3,26713.74,-4.0182,115
SELL,2023-06-06 23:00:00,27355.33,1,27355.33,0.0,116
SELL,2023-06-07 11:00:00,26968.0,2,27355.33,-1.4159,116
BUY,2023-06-07 14:00:00,26340.55,1,26340.55,0.0,117
BUY,2023-06-11 10:00:00,25695.0,2,26340.55,-2.4508,117
BUY,2023-06-15 11:00:00,24800.0,3,26340.55,-5.8486,117
SELL,2023-06-16 13:00:00,25628.29,1,25628.29,0.0,118
SELL,2023-06-17 20:00:00,26552.91,2,25628.29,3.6078,118
SELL,2023-06-20 23:00:00,28402.74,3,25628.29,10.8257,118
SELL,2023-06-21 13:00:00,29404.96,4,25628.29,14.7363,118
BUY,2023-06-26 10:00:00,30130.0,1,30130.0,0.0,119
SELL,2023-07-03 03:00:00,30800.01,1,30800.01,0.0,120
SELL,2023-07-03 18:00:00,31250.29,2,30800.01,1.4619,120
SELL,2023-07-04 01:00:00,31350.69,3,30800.01,1.7879,120
SELL,2023-07-10 16:00:00,30379.29,4,30800.01,-1.366,120
BUY,2023-07-12 16:00:00,30422.62,1,30422.62,0.0,121
SELL,2023-07-13 17:00:00,31200.0,1,31200.0,0.0,122
BUY,2023-07-20 18:00:00,29570.96,1,29570.96,0.0,123
SELL,2023-08-07 02:00:00,29229.62,1,29229.62,0.0,124
SELL,2023-08-08 16:00:00,29836.0,2,29229.62,2.0745,124
BUY,2023-08-10 16:00:00,29385.0,1,29385.0,0.0,125
BUY,2023-08-14 00:00:00,29250.0,2,29385.0,-0.4594,125
BUY,2023-08-16 09:00:00,29100.0,3,29385.0,-0.9699,125
BUY,2023-08-17 08:00:00,28546.89,4,29385.0,-2.8522,125
BUY,2023-08-17 20:00:00,27530.0,5,29385.0,-6.3127,125
BUY,2023-08-21 15:00:00,25812.0,6,29385.0,-12.1593,125
SELL,2023-08-24 08:00:00,26517.0,1,26517.0,0.0,126
BUY,2023-08-28 09:00:00,25864.5,1,25864.5,0.0,127
SELL,2023-08-29 16:00:00,28142.85,1,28142.85,0.0,128
BUY,2023-08-31 19:00:00,25928.0,1,25928.0,0.0,129
BUY,2023-09-01 17:00:00,25333.75,2,25928.0,-2.2919,129
BUY,2023-09-03 16:00:00,25800.0,3,25928.0,-0.4937,129
BUY,2023-09-05 03:00:00,25562.62,4,25928.0,-1.4092,129
SELL,2023-09-07 18:00:00,25977.75,1,25977.75,0.0,130
SELL,2023-09-07 20:00:00,26025.0,2,25977.75,0.1819,130
SELL,2023-09-08 00:00:00,26445.5,3,25977.75,1.8006,130
BUY,2023-09-11 20:00:00,24901.0,1,24901.0,0.0,131
SELL,2023-09-12 14:00:00,26392.0,1,26392.0,0.0,132
SELL,2023-09-12 16:00:00,26567.0,2,26392.0,0.6631,132
SELL,2023-09-14 18:00:00,26860.49,3,26392.0,1.7751,132
BUY,2023-09-18 00:00:00,26377.35,1,26377.35,0.0,133
BUY,2023-09-22 00:00:00,26468.77,2,26377.35,0.3466,133
BUY,2023-09-24 23:00:00,26122.08,3,26377.35,-0.9678,133
BUY,2023-09-25 11:00:00,26020.01,4,26377.35,-1.3547,133
SELL,2023-09-25 20:00:00,26446.15,1,26446.15,0.0,134
BUY,2023-09-26 21:00:00,26100.0,1,26100.0,0.0,135
SELL,2023-10-02 03:00:00,28210.0,1,28210.0,0.0,136
SELL,2023-10-02 07:00:00,28430.0,2,28210.0,0.7799,136
SELL,2023-10-02 13:00:00,28544.0,3,28210.0,1.184,136
BUY,2023-10-03 20:00:00,27160.5,1,27160.5,0.0,137
SELL,2023-10-05 00:00:00,27896.07,1,27896.07,0.0,138
BUY,2023-10-09 01:00:00,27796.53,1,27796.53,0.0,139
BUY,2023-10-09 11:00:00,27412.21,2,27796.53,-1.3826,139
BUY,2023-10-09 16:00:00,27260.0,3,27796.53,-1.9302,139
BUY,2023-10-10 16:00:00,27329.62,4,27796.53,-1.6797,139
BUY,2023-10-11 14:00:00,27030.0,5,27796.53,-2.7576,139
BUY,2023-10-12 14:00:00,26633.57,6,27796.53,-4.1838,139
BUY,2023-10-13 17:00:00,26685.0,7,27796.53,-3.9988,139
SELL,2023-10-21 14:00:00,29921.68,1,29921.68,0.0,140
SELL,2023-10-23 03:00:00,30799.0,2,29921.68,2.9321,140
SELL,2023-10-23 19:00:00,31440.06,3,29921.68,5.0745,140
SELL,2023-10-24 02:00:00,35280.0,4,29921.68,17.9078,140
BUY,2023-10-26 14:00:00,33862.0,1,33862.0,0.0,141
SELL,2023-10-29 11:00:00,34321.89,1,34321.89,0.0,142
SELL,2023-11-02 00:00:00,35649.99,2,34321.89,3.8695,142
BUY,2023-11-03 04:00:00,34310.0,1,34310.0,0.0,143
SELL,2023-11-05 03:00:00,35300.0,1,35300.0,0.0,144
BUY,2023-11-07 12:00:00,34523.06,1,34523.06,0.0,145
SELL,2023-11-08 16:00:00,35479.45,1,35479.45,0.0,146
SELL,2023-11-09 02:00:00,36550.0,2,35479.45,3.0174,146
SELL,2023-11-09 12:00:00,37000.5,3,35479.45,4.2871,146
SELL,2023-11-10 22:00:00,37526.0,4,35479.45,5.7683,146
BUY,2023-11-13 11:00:00,36692.58,1,36692.58,0.0,147
BUY,2023-11-13 14:00:00,36534.04,2,36692.58,-0.4321,147
SELL,2023-11-15 15:00:00,36416.51,1,36416.51,0.0,148
SELL,2023-11-15 22:00:00,37885.28,2,36416.51,4.0333,148
BUY,2023-11-17 10:00:00,36121.0,1,36121.0,0.0,149
SELL,2023-11-20 14:00:00,37489.39,1,37489.39,0.0,150
SELL,2023-11-21 01:00:00,37630.6,2,37489.39,0.3767,150
SELL,2023-11-24 15:00:00,38414.0,3,37489.39,2.4663,150
BUY,2023-11-27 10:00:00,36960.01,1,36960.01,0.0,151
BUY,2023-11-27 16:00:00,36707.0,2,36960.01,-0.6846,151
SELL,2023-12-02 07:00:00,38826.94,1,38826.94,0.0,152
SELL,2023-12-02 21:00:00,39717.14,2,38826.94,2.2927,152
SELL,2023-12-03 15:00:00,39805.93,3,38826.94,2.5214,152
SELL,2023-12-04 03:00:00,40884.98,4,38826.94,5.3005,152
SELL,2023-12-04 09:00:00,41800.0,5,38826.94,7.6572,152
SELL,2023-12-04 21:00:00,42052.38,6,38826.94,8.3072,152
SELL,2023-12-05 21:00:00,44228.0,7,38826.94,13.9106,152
BUY,2023-12-11 13:00:00,41886.13,1,41886.13,0.0,153
SELL,2023-12-14 17:00:00,43420.0,1,43420.0,0.0,154
SELL,2023-12-19 08:00:00,43186.01,2,43420.0,-0.5389,154
SELL,2023-12-20 12:00:00,43000.0,3,43420.0,-0.9673,154
BUY,2023-12-26 15:00:00,42250.0,1,42250.0,0.0,155
SELL,2023-12-27 18:00:00,43215.0,1,43215.0,0.0,156
SELL,2023-12-28 00:00:00,43787.57,2,43215.0,1.3249,156
BUY,2023-12-29 07:00:00,42222.0,1,42222.0,0.0,157
SELL,2024-01-01 23:00:00,44184.1,1,44184.1,0.0,158
SELL,2024-01-02 07:00:00,45643.75,2,44184.1,3.3036,158
SELL,2024-01-03 01:00:00,45329.83,3,44184.1,2.5931,158
BUY,2024-01-03 18:00:00,42000.0,1,42000.0,0.0,159
SELL,2024-01-04 19:00:00,44437.5,1,44437.5,0.0,160
SELL,2024-01-04 22:00:00,44729.58,2,44437.5,0.6573,160
SELL,2024-01-08 15:00:00,45333.0,3,44437.5,2.0152,160
SELL,2024-01-09 12:00:00,47000.0,4,44437.5,5.7665,160
SELL,2024-01-16 12:00:00,43166.0,5,44437.5,-2.8613,160
BUY,2024-01-17 14:00:00,42365.58,1,42365.58,0.0,161
BUY,2024-01-22 09:00:00,40610.0,2,42365.58,-4.1439,161
BUY,2024-01-22 15:00:00,40350.0,3,42365.58,-4.7576,161
BUY,2024-01-23 14:00:00,38555.0,4,42365.58,-8.9945,161
SELL,2024-01-26 14:00:00,41588.0,1,41588.0,0.0,162
SELL,2024-01-26 20:00:00,42246.82,2,41588.0,1.5842,162
SELL,2024-01-28 01:00:00,42244.0,3,41588.0,1.5774,162
BUY,2024-01-28 22:00:00,41620.81,1,41620.81,0.0,163
BUY,2024-01-31 02:00:00,42655.07,2,41620.81,2.485,163
BUY,2024-02-01 00:00:00,42220.85,3,41620.81,1.4417,163
SELL,2024-02-02 15:00:00,43250.0,1,43250.0,0.0,164
BUY,2024-02-04 05:00:00,42862.51,1,42862.51,0.0,165
SELL,2024-02-05 10:00:00,43268.98,1,43268.98,0.0,166
SELL,2024-02-05 12:00:00,43299.0,2,43268.98,0.0694,166
BUY,2024-02-05 22:00:00,42330.52,1,42330.52,0.0,167
SELL,2024-02-08 08:00:00,44744.0,1,44744.0,0.0,168
SELL,2024-02-08 20:00:00,45614.3,2,44744.0,1.9451,168
SELL,2024-02-09 07:00:00,46425.03,3,44744.0,3.757,168
SELL,2024-02-09 14:00:00,47719.44,4,44744.0,6.6499,168
SELL,2024-02-09 18:00:00,48200.0,5,44744.0,7.7239,168
SELL,2024-02-11 11:00:00,48438.81,6,44744.0,8.2577,168
SELL,2024-02-13 01:00:00,50368.61,7,44744.0,12.5706,168
SELL,2024-02-14 11:00:00,51723.08,8,44744.0,15.5978,168
SELL,2024-02-14 23:00:00,51888.0,9,44744.0,15.9664,168
BUY,2024-02-21 19:00:00,50649.28,1,50649.28,0.0,169
BUY,2024-02-23 07:00:00,50889.0,2,50649.28,0.4733,169
BUY,2024-02-23 14:00:00,50800.32,3,50649.28,0.2982,169
SELL,2024-02-25 01:00:00,51687.8,1,51687.8,0.0,170
SELL,2024-02-27 01:00:00,55795.52,2,51687.8,7.9472,170
SELL,2024-02-27 19:00:00,57588.15,3,51687.8,11.4154,170
SELL,2024-02-28 11:00:00,59494.06,4,51687.8,15.1027,170
SELL,2024-02-29 04:00:00,62675.22,5,51687.8,21.2573,170
SELL,2024-03-03 16:00:00,62861.91,6,51687.8,21.6185,170
SELL,2024-03-04 13:00:00,65646.11,7,51687.8,27.005,170
SELL,2024-03-04 20:00:00,67770.0,8,51687.8,31.1141,170
SELL,2024-03-04 22:00:00,67929.12,9,51687.8,31.422,170
SELL,2024-03-05 01:00:00,68686.8,10,51687.8,32.8878,170
SELL,2024-03-07 17:00:00,67980.0,11,51687.8,31.5204,170
SELL,2024-03-10 08:00:00,69686.94,12,51687.8,34.8228,170
SELL,2024-03-11 13:00:00,72380.0,13,51687.8,40.033,170
SELL,2024-03-11 19:00:00,72800.0,14,51687.8,40.8456,170
SELL,2024-03-12 11:00:00,72376.0,15,51687.8,40.0253,170
SELL,2024-03-14 03:00:00,73288.3,16,51687.8,41.7903,170
SELL,2024-03-14 07:00:00,73777.0,17,51687.8,42.7358,170
BUY,2024-03-14 18:00:00,69309.38,1,69309.38,0.0,171
BUY,2024-03-17 06:00:00,64940.13,2,69309.38,-6.304,171
SELL,2024-03-17 22:00:00,68904.4,1,68904.4,0.0,172
BUY,2024-03-18 17:00:00,66565.2,1,66565.2,0.0,173
BUY,2024-03-19 00:00:00,66861.1,2,66565.2,0.4445,173
BUY,2024-03-19 05:00:00,64628.0,3,66565.2,-2.9102,173
BUY,2024-03-19 14:00:00,62410.78,4,66565.2,-6.2411,173
BUY,2024-03-20 04:00:00,61111.0,5,66565.2,-8.1938,173
SELL,2024-03-21 13:00:00,67693.6,1,67693.6,0.0,174
BUY,2024-03-22 21:00:00,62260.0,1,62260.0,0.0,175
BUY,2024-03-24 04:00:00,63772.29,2,62260.0,2.429,175
SELL,2024-03-24 18:00:00,66045.99,1,66045.99,0.0,176
BUY,2024-03-26 20:00:00,69401.72,1,69401.72,0.0,177
BUY,2024-03-27 16:00:00,68359.18,2,69401.72,-1.5022,177
SELL,2024-03-28 11:00:00,70962.63,1,70962.63,0.0,178
SELL,2024-03-30 16:00:00,70280.06,2,70962.63,-0.9619,178
SELL,2024-03-31 08:00:00,70470.0,3,70962.63,-0.6942,178
SELL,2024-03-31 23:00:00,71366.0,4,70962.63,0.5684,178
BUY,2024-04-02 08:00:00,66106.58,1,66106.58,0.0,179
BUY,2024-04-02 16:00:00,64550.0,2,66106.58,-2.3547,179
SELL,2024-04-04 16:00:00,68188.0,1,68188.0,0.0,180
SELL,2024-04-07 02:00:00,69777.0,2,68188.0,2.3303,180
SELL,2024-04-07 08:00:00,69555.0,3,68188.0,2.0048,180
SELL,2024-04-08 12:00:00,72797.99,4,68188.0,6.7607,180
SELL,2024-04-19 10:00:00,65213.31,5,68188.0,-4.3625,180
SELL,2024-04-21 01:00:00,65100.0,6,68188.0,-4.5287,180
SELL,2024-04-22 03:00:00,66090.69,7,68188.0,-3.0758,180
SELL,2024-04-22 13:00:00,66260.54,8,68188.0,-2.8267,180
BUY,2024-04-24 18:00:00,64070.15,1,64070.15,0.0,181
BUY,2024-04-25 07:00:00,63824.07,2,64070.15,-0.3841,181
BUY,2024-04-25 12:00:00,63267.03,3,64070.15,-1.2535,181
SELL,2024-04-25 20:00:00,64992.0,1,64992.0,0.0,182
BUY,2024-04-29 02:00:00,62570.0,1,62570.0,0.0,183
BUY,2024-05-01 06:00:00,59500.55,2,62570.0,-4.9056,183
BUY,2024-05-01 15:00:00,56674.51,3,62570.0,-9.4222,183
BUY,2024-05-01 17:00:00,56625.09,4,62570.0,-9.5012,183
SELL,2024-05-02 21:00:00,59625.0,1,59625.0,0.0,184
SELL,2024-05-03 16:00:00,62179.99,2,59625.0,4.2851,184
SELL,2024-05-03 23:00:00,63333.0,3,59625.0,6.2189,184
SELL,2024-05-04 01:00:00,63595.14,4,59625.0,6.6585,184
SELL,2024-05-04 19:00:00,64019.83,5,59625.0,7.3708,184
SELL,2024-05-06 06:00:00,64473.78,6,59625.0,8.1321,184
SELL,2024-05-09 21:00:00,62822.64,7,59625.0,5.3629,184
SELL,2024-05-10 12:00:00,63469.13,8,59625.0,6.4472,184
BUY,2024-05-11 09:00:00,60662.0,1,60662.0,0.0,185
BUY,2024-05-14 14:00:00,61142.77,2,60662.0,0.7925,185
SELL,2024-05-15 15:00:00,65057.26,1,65057.26,0.0,186
SELL,2024-05-15 23:00:00,66444.16,2,65057.26,2.1318,186
SELL,2024-05-16 07:00:00,66278.04,3,65057.26,1.8765,186
SELL,2024-05-17 10:00:00,66537.19,4,65057.26,2.2748,186
SELL,2024-05-17 23:00:00,67089.72,5,65057.26,3.1241,186
SELL,2024-05-18 10:00:00,67300.0,6,65057.26,3.4473,186
SELL,2024-05-19 07:00:00,67329.45,7,65057.26,3.4926,186
SELL,2024-05-20 10:00:00,67349.0,8,65057.26,3.5227,186
SELL,2024-05-20 23:00:00,71515.56,9,65057.26,9.9271,186
SELL,2024-05-21 11:00:00,71474.92,10,65057.26,9.8646,186
BUY,2024-05-23 20:00:00,66312.16,1,66312.16,0.0,187
SELL,2024-05-25 03:00:00,68910.0,1,68910.0,0.0,188
BUY,2024-05-29 12:00:00,67567.21,1,67567.21,0.0,189
SELL,2024-06-04 18:00:00,71063.45,1,71063.45,0.0,190
BUY,2024-06-08 04:00:00,69277.96,1,69277.96,0.0,191
SELL,2024-06-09 18:00:00,69848.32,1,69848.32,0.0,192
BUY,2024-06-11 04:00:00,67617.0,1,67617.0,0.0,193
BUY,2024-06-11 08:00:00,67284.38,2,67617.0,-0.4919,193
BUY,2024-06-11 15:00:00,66051.0,3,67617.0,-2.316,193
BUY,2024-06-13 14:00:00,67150.0,4,67617.0,-0.6907,193
BUY,2024-06-14 01:00:00,66480.0,5,67617.0,-1.6815,193
SELL,2024-06-16 14:00:00,66793.72,1,66793.72,0.0,194
BUY,2024-06-17 12:00:00,65500.0,1,65500.0,0.0,195
BUY,2024-06-21 07:00:00,64190.76,2,65500.0,-1.9988,195
BUY,2024-06-21 12:00:00,63505.0,3,65500.0,-3.0458,195
BUY,2024-06-24 04:00:00,62634.0,4,65500.0,-4.3756,195
BUY,2024-06-24 15:00:00,60670.36,5,65500.0,-7.3735,195
SELL,2024-06-25 18:00:00,62230.0,1,62230.0,0.0,196
SELL,2024-06-26 01:00:00,62184.31,2,62230.0,-0.0734,196
SELL,2024-06-30 13:00:00,61747.0,3,62230.0,-0.7762,196
SELL,2024-06-30 17:00:00,61864.01,4,62230.0,-0.5881,196
SELL,2024-06-30 22:00:00,62952.2,5,62230.0,1.1605,196
BUY,2024-07-03 08:00:00,60390.0,1,60390.0,0.0,197
BUY,2024-07-04 13:00:00,56771.0,2,60390.0,-5.9927,197
SELL,2024-07-06 20:00:00,58225.14,1,58225.14,0.0,198
SELL,2024-07-06 23:00:00,58475.0,2,58225.14,0.4291,198
SELL,2024-07-09 04:00:00,57366.19,3,58225.14,-1.4752,198
SELL,2024-07-09 18:00:00,58296.0,4,58225.14,0.1217,198
SELL,2024-07-12 18:00:00,58526.68,5,58225.14,0.5179,198
SELL,2024-07-13 12:00:00,58899.46,6,58225.14,1.1581,198
SELL,2024-07-13 16:00:00,58964.89,7,58225.14,1.2705,198
SELL,2024-07-14 04:00:00,60100.0,8,58225.14,3.22,198
SELL,2024-07-14 08:00:00,60400.0,9,58225.14,3.7353,198
SELL,2024-07-15 01:00:00,61800.0,10,58225.14,6.1397,198
SELL,2024-07-15 19:00:00,63820.15,11,58225.14,9.6093,198
SELL,2024-07-16 04:00:00,64993.95,12,58225.14,11.6252,198
SELL,2024-07-16 23:00:00,65388.97,13,58225.14,12.3037,198
BUY,2024-07-18 19:00:00,63238.48,1,63238.48,0.0,199
BUY,2024-07-19 01:00:00,63300.67,2,63238.48,0.0983,199
SELL,2024-07-20 07:00:00,66775.11,1,66775.11,0.0,200
SELL,2024-07-21 01:00:00,67436.22,2,66775.11,0.9901,200
SELL,2024-07-22 00:00:00,68474.55,3,66775.11,2.545,200
BUY,2024-07-23 16:00:00,65850.0,1,65850.0,0.0,201
BUY,2024-07-24 23:00:00,65111.0,2,65850.0,-1.1222,201
BUY,2024-07-25 13:00:00,63680.0,3,65850.0,-3.2954,201
SELL,2024-07-26 00:00:00,66450.46,1,66450.46,0.0,202
SELL,2024-07-26 19:00:00,68144.01,2,66450.46,2.5486,202
SELL,2024-07-26 21:00:00,68200.0,3,66450.46,2.6328,202
SELL,2024-07-27 06:00:00,68094.03,4,66450.46,2.4734,202
SELL,2024-07-27 21:00:00,69182.94,5,66450.46,4.1121,202
SELL,2024-07-29 06:00:00,69888.0,6,66450.46,5.1731,202
BUY,2024-07-30 20:00:00,65302.67,1,65302.67,0.0,203
BUY,2024-08-03 21:00:00,59850.0,2,65302.67,-8.3498,203
BUY,2024-08-05 05:00:00,52300.0,3,65302.67,-19.9114,203
SELL,2024-08-07 01:00:00,57000.0,1,57000.0,0.0,204
BUY,2024-08-07 22:00:00,54558.62,1,54558.62,0.0,205
SELL,2024-08-11 08:00:00,61426.97,1,61426.97,0.0,206
BUY,2024-08-12 00:00:00,58100.06,1,58100.06,0.0,207
BUY,2024-08-12 06:00:00,58124.15,2,58100.06,0.0415,207
BUY,2024-08-12 13:00:00,58000.0,3,58100.06,-0.1722,207
BUY,2024-08-15 06:00:00,57847.32,4,58100.06,-0.435,207
SELL,2024-08-18 12:00:00,60284.99,1,60284.99,0.0,208
SELL,2024-08-20 04:00:00,61000.0,2,60284.99,1.186,208
BUY,2024-08-21 01:00:00,58783.47,1,58783.47,0.0,209
SELL,2024-08-23 17:00:00,63015.99,1,63015.99,0.0,210
SELL,2024-08-24 18:00:00,64444.0,2,63015.99,2.2661,210
BUY,2024-08-26 14:00:00,63125.53,1,63125.53,0.0,211
BUY,2024-08-26 23:00:00,62800.0,2,63125.53,-0.5157,211
BUY,2024-08-27 08:00:00,62700.0,3,63125.53,-0.6741,211
BUY,2024-08-28 14:00:00,58926.0,4,63125.53,-6.6527,211
BUY,2024-09-03 23:00:00,57415.0,5,63125.53,-9.0463,211
BUY,2024-09-05 19:00:00,55800.0,6,63125.53,-11.6047,211
SELL,2024-09-09 01:00:00,55370.23,1,55370.23,0.0,212
SELL,2024-09-10 12:00:00,57468.98,2,55370.23,3.7904,212
BUY,2024-09-11 12:00:00,56279.42,1,56279.42,0.0,213
SELL,2024-09-13 19:00:00,59999.0,1,59999.0,0.0,214
SELL,2024-09-15 15:00:00,60395.8,2,59999.0,0.6613,214
BUY,2024-09-15 20:00:00,59691.1,1,59691.1,0.0,215
BUY,2024-09-16 17:00:00,57493.3,2,59691.1,-3.682,215
BUY,2024-09-18 13:00:00,59308.61,3,59691.1,-0.6408,215
SELL,2024-09-18 23:00:00,61786.24,1,61786.24,0.0,216
SELL,2024-09-19 16:00:00,63675.97,2,61786.24,3.0585,216
BUY,2024-09-22 14:00:00,62429.16,1,62429.16,0.0,217
SELL,2024-09-24 22:00:00,64688.0,1,64688.0,0.0,218
SELL,2024-09-25 01:00:00,64817.99,2,64688.0,0.2009,218
SELL,2024-09-27 03:00:00,65425.0,3,64688.0,1.1393,218
BUY,2024-09-28 12:00:00,65430.46,1,65430.46,0.0,219
SELL,2024-09-29 19:00:00,65972.17,1,65972.17,0.0,220
BUY,2024-09-30 08:00:00,64000.0,1,64000.0,0.0,221
BUY,2024-09-30 23:00:00,62856.3,2,64000.0,-1.787,221
BUY,2024-10-01 20:00:00,60164.0,3,64000.0,-5.9937,221
SELL,2024-10-04 16:00:00,62294.87,1,62294.87,0.0,222
SELL,2024-10-06 19:00:00,62975.0,2,62294.87,1.0918,222
BUY,2024-10-08 19:00:00,61860.31,1,61860.31,0.0,223
BUY,2024-10-10 13:00:00,60617.05,2,61860.31,-2.0098,223
SELL,2024-10-12 14:00:00,63400.0,1,63400.0,0.0,224
SELL,2024-10-14 07:00:00,64686.0,2,63400.0,2.0284,224
SELL,2024-10-14 13:00:00,65292.0,3,63400.0,2.9842,224
SELL,2024-10-18 06:00:00,68378.95,4,63400.0,7.8532,224
SELL,2024-10-21 00:00:00,69519.52,5,63400.0,9.6522,224
BUY,2024-10-22 13:00:00,66644.18,1,66644.18,0.0,225
BUY,2024-10-23 12:00:00,66105.0,2,66644.18,-0.809,225
BUY,2024-10-23 15:00:00,65923.01,3,66644.18,-1.0821,225
BUY,2024-10-25 23:00:00,65596.29,4,66644.18,-1.5724,225
SELL,2024-10-27 21:00:00,68195.11,1,68195.11,0.0,226
SELL,2024-10-29 01:00:00,70387.97,2,68195.11,3.2156,226
BUY,2024-11-01 01:00:00,69313.74,1,69313.74,0.0,227
BUY,2024-11-04 21:00:00,66835.0,2,69313.74,-3.5761,227
SELL,2024-11-05 16:00:00,70577.91,1,70577.91,0.0,228
SELL,2024-11-06 06:00:00,75407.1,2,70577.91,6.8424,228
SELL,2024-11-06 12:00:00,74757.58,3,70577.91,5.9221,228
SELL,2024-11-07 20:00:00,76849.99,4,70577.91,8.8867,228
SELL,2024-11-10 17:00:00,80703.1,5,70577.91,14.3461,228
SELL,2024-11-10 22:00:00,81500.0,6,70577.91,15.4752,228
SELL,2024-11-11 01:00:00,81730.0,7,70577.91,15.8011,228
SELL,2024-11-11 03:00:00,81846.71,8,70577.91,15.9665,228
SELL,2024-11-11 09:00:00,81766.56,9,70577.91,15.8529,228
SELL,2024-11-11 12:00:00,82471.2,10,70577.91,16.8513,228
SELL,2024-11-11 14:00:00,82580.0,11,70577.91,17.0054,228
SELL,2024-11-11 23:00:00,89530.54,12,70577.91,26.8535,228
SELL,2024-11-12 06:00:00,89800.0,13,70577.91,27.2353,228
BUY,2024-11-14 21:00:00,87029.65,1,87029.65,0.0,229
SELL,2024-11-16 05:00:00,91779.66,1,91779.66,0.0,230
SELL,2024-11-18 15:00:00,92594.0,2,91779.66,0.8873,230
SELL,2024-11-20 12:00:00,93750.0,3,91779.66,2.1468,230
SELL,2024-11-22 02:00:00,98779.62,4,91779.66,7.6269,230
SELL,2024-11-22 07:00:00,99419.99,5,91779.66,8.3246,230
SELL,2024-11-22 16:00:00,99010.0,6,91779.66,7.8779,230
BUY,2024-11-23 20:00:00,97136.0,1,97136.0,0.0,231
BUY,2024-11-25 19:00:00,94400.0,2,97136.0,-2.8167,231
BUY,2024-11-26 10:00:00,92272.72,3,97136.0,-5.0067,231
BUY,2024-11-26 19:00:00,91554.11,4,97136.0,-5.7465,231
SELL,2024-12-01 21:00:00,97780.0,1,97780.0,0.0,232
BUY,2024-12-02 10:00:00,94820.41,1,94820.41,0.0,233
BUY,2024-12-02 12:00:00,94766.0,2,94820.41,-0.0574,233
BUY,2024-12-02 17:00:00,94395.0,3,94820.41,-0.4486,233
SELL,2024-12-04 06:00:00,96714.41,1,96714.41,0.0,234
SELL,2024-12-05 12:00:00,103295.99,2,96714.41,6.8052,234
BUY,2024-12-09 07:00:00,98328.0,1,98328.0,0.0,235
BUY,2024-12-09 10:00:00,98272.04,2,98328.0,-0.0569,235
BUY,2024-12-09 15:00:00,97508.58,3,98328.0,-0.8334,235
SELL,2024-12-11 12:00:00,98493.04,1,98493.04,0.0,236
SELL,2024-12-11 19:00:00,101141.01,2,98493.04,2.6885,236
SELL,2024-12-11 22:00:00,101888.0,3,98493.04,3.4469,236
SELL,2024-12-15 16:00:00,103490.0,4,98493.04,5.0734,236
SELL,2024-12-17 13:00:00,107620.09,5,98493.04,9.2667,236
BUY,2024-12-18 23:00:00,100000.0,1,100000.0,0.0,237
BUY,2024-12-22 22:00:00,94250.35,2,100000.0,-5.7496,237
BUY,2024-12-23 01:00:00,93771.37,3,100000.0,-6.2286,237
BUY,2024-12-23 18:00:00,92690.0,4,100000.0,-7.31,237
SELL,2024-12-25 23:00:00,99569.15,1,99569.15,0.0,238
BUY,2024-12-29 16:00:00,93600.0,1,93600.0,0.0,239
BUY,2024-12-29 19:00:00,93367.52,2,93600.0,-0.2484,239
SELL,2025-01-02 08:00:00,96211.54,1,96211.54,0.0,240
SELL,2025-01-02 16:00:00,97650.0,2,96211.54,1.4951,240
SELL,2025-01-02 19:00:00,97777.0,3,96211.54,1.6271,240
SELL,2025-01-03 18:00:00,98697.86,4,96211.54,2.5842,240
SELL,2025-01-05 22:00:00,98745.45,5,96211.54,2.6337,240
SELL,2025-01-06 12:00:00,99713.13,6,96211.54,3.6395,240
SELL,2025-01-07 00:00:00,102724.38,7,96211.54,6.7693,240
BUY,2025-01-07 17:00:00,96577.0,1,96577.0,0.0,241
BUY,2025-01-08 03:00:00,96216.83,2,96577.0,-0.3729,241
BUY,2025-01-09 02:00:00,93422.89,3,96577.0,-3.2659,241
BUY,2025-01-09 07:00:00,93186.38,4,96577.0,-3.5108,241
SELL,2025-01-10 09:00:00,95000.55,1,95000.55,0.0,242
BUY,2025-01-13 14:00:00,89256.69,1,89256.69,0.0,243
SELL,2025-01-15 04:00:00,97724.96,1,97724.96,0.0,244
SELL,2025-01-15 19:00:00,99990.0,2,97724.96,2.3178,244
SELL,2025-01-16 00:00:00,100866.66,3,97724.96,3.2148,244
SELL,2025-01-16 19:00:00,100448.72,4,97724.96,2.7872,244
SELL,2025-01-17 19:00:00,105865.22,5,97724.96,8.3298,244
SELL,2025-01-19 06:00:00,105634.78,6,97724.96,8.094,244
SELL,2025-01-24 13:00:00,105793.61,7,97724.96,8.2565,244
BUY,2025-01-25 10:00:00,104106.09,1,104106.09,0.0,245
BUY,2025-01-31 09:00:00,103936.54,2,104106.09,-0.1629,245
BUY,2025-02-02 03:00:00,99148.91,3,104106.09,-4.7617,245
BUY,2025-02-02 16:00:00,98075.02,4,104106.09,-5.7932,245
BUY,2025-02-02 21:00:00,96573.47,5,104106.09,-7.2355,245
SELL,2025-02-10 04:00:00,97170.0,1,97170.0,0.0,246
SELL,2025-02-11 04:00:00,98193.74,2,97170.0,1.0536,246
BUY,2025-02-12 03:00:00,95100.0,1,95100.0,0.0,247
SELL,2025-02-12 21:00:00,97908.99,1,97908.99,0.0,248
BUY,2025-02-13 11:00:00,95599.57,1,95599.57,0.0,249
BUY,2025-02-16 18:00:00,96609.05,2,95599.57,1.0559,249
BUY,2025-02-16 22:00:00,96570.47,3,95599.57,1.0156,249
BUY,2025-02-17 04:00:00,96013.0,4,95599.57,0.4325,249
SELL,2025-02-19 21:00:00,96490.37,1,96490.37,0.0,250
SELL,2025-02-20 18:00:00,98436.0,2,96490.37,2.0164,250
SELL,2025-02-21 12:00:00,98957.93,3,96490.37,2.5573,250
BUY,2025-02-21 17:00:00,96832.01,1,96832.01,0.0,251
BUY,2025-02-24 03:00:00,95311.0,2,96832.01,-1.5708,251
BUY,2025-02-24 13:00:00,95339.35,3,96832.01,-1.5415,251
BUY,2025-02-24 19:00:00,93666.22,4,96832.01,-3.2694,251
BUY,2025-02-24 21:00:00,93618.0,5,96832.01,-3.3192,251
BUY,2025-02-25 10:00:00,86888.1,6,96832.01,-10.2692,251
BUY,2025-02-25 15:00:00,86050.99,7,96832.01,-11.1337,251
BUY,2025-02-26 18:00:00,83418.0,8,96832.01,-13.8529,251
BUY,2025-02-28 01:00:00,81111.0,9,96832.01,-16.2353,251
BUY,2025-02-28 04:00:00,79400.0,10,96832.01,-18.0023,251
SELL,2025-02-28 18:00:00,85120.0,1,85120.0,0.0,252
SELL,2025-03-02 00:00:00,86318.18,2,85120.0,1.4076,252
SELL,2025-03-02 06:00:00,86589.97,3,85120.0,1.7269,252
SELL,2025-03-05 08:00:00,87924.68,4,85120.0,3.295,252
SELL,2025-03-05 12:00:00,90933.82,5,85120.0,6.8301,252
SELL,2025-03-05 20:00:00,90555.0,6,85120.0,6.3851,252
BUY,2025-03-07 20:00:00,86544.27,1,86544.27,0.0,253
BUY,2025-03-08 01:00:00,85218.47,2,86544.27,-1.5319,253
BUY,2025-03-09 21:00:00,81555.0,3,86544.27,-5.765,253
BUY,2025-03-10 16:00:00,78992.1,4,86544.27,-8.7264,253
BUY,2025-03-11 00:00:00,76606.0,5,86544.27,-11.4835,253
SELL,2025-03-15 01:00:00,84583.04,1,84583.04,0.0,254
SELL,2025-03-16 04:00:00,84418.0,2,84583.04,-0.1951,254
BUY,2025-03-16 19:00:00,82562.36,1,82562.36,0.0,255
BUY,2025-03-18 12:00:00,82330.38,2,82562.36,-0.281,255
SELL,2025-03-19 05:00:00,83320.0,1,83320.0,0.0,256
SELL,2025-03-19 13:00:00,84343.56,2,83320.0,1.2285,256
SELL,2025-03-23 13:00:00,85108.47,3,83320.0,2.1465,256
SELL,2025-03-23 22:00:00,85679.18,4,83320.0,2.8315,256
SELL,2025-03-24 04:00:00,86932.47,5,83320.0,4.3357,256
SELL,2025-03-24 08:00:00,87519.38,6,83320.0,5.0401,256
SELL,2025-03-25 17:00:00,88321.27,7,83320.0,6.0025,256
BUY,2025-03-26 16:00:00,86391.3,1,86391.3,0.0,257
BUY,2025-03-29 06:00:00,83672.74,2,86391.3,-3.1468,257
BUY,2025-03-29 17:00:00,81644.81,3,86391.3,-5.4942,257
BUY,2025-03-31 00:00:00,81278.52,4,86391.3,-5.9182,257
BUY,2025-03-31 09:00:00,81339.65,5,86391.3,-5.8474,257
SELL,2025-04-02 20:00:00,88500.0,1,88500.0,0.0,258
BUY,2025-04-06 10:00:00,82716.49,1,82716.49,0.0,259
BUY,2025-04-06 20:00:00,78539.44,2,82716.49,-5.0498,259
BUY,2025-04-06 22:00:00,77800.0,3,82716.49,-5.9438,259
BUY,2025-04-07 04:00:00,76666.0,4,82716.49,-7.3147,259
BUY,2025-04-08 19:00:00,76334.65,5,82716.49,-7.7153,259
BUY,2025-04-08 22:00:00,76239.9,6,82716.49,-7.8299,259
SELL,2025-04-09 16:00:00,78361.59,1,78361.59,0.0,260
SELL,2025-04-09 20:00:00,83267.57,2,78361.59,6.2607,260
SELL,2025-04-11 13:00:00,83333.0,3,78361.59,6.3442,260
SELL,2025-04-11 21:00:00,84300.0,4,78361.59,7.5782,260
SELL,2025-04-12 20:00:00,85905.0,5,78361.59,9.6264,260
SELL,2025-04-13 01:00:00,86100.0,6,78361.59,9.8753,260
BUY,2025-04-13 19:00:00,83050.0,1,83050.0,0.0,261
BUY,2025-04-13 21:00:00,83034.23,2,83050.0,-0.019,261
SELL,2025-04-15 08:00:00,85990.0,1,85990.0,0.0,262
BUY,2025-04-16 08:00:00,83140.89,1,83140.89,0.0,263
SELL,2025-04-19 08:00:00,85396.0,1,85396.0,0.0,264
SELL,2025-04-19 13:00:00,85498.77,2,85396.0,0.1203,264
SELL,2025-04-20 23:00:00,85298.0,3,85396.0,-0.1148,264
SELL,2025-04-21 05:00:00,87738.0,4,85396.0,2.7425,264
SELL,2025-04-21 09:00:00,87795.26,5,85396.0,2.8096,264
SELL,2025-04-21 14:00:00,88465.99,6,85396.0,3.595,264
SELL,2025-04-22 11:00:00,88701.93,7,85396.0,3.8713,264
SELL,2025-04-22 17:00:00,91480.0,8,85396.0,7.1245,264
SELL,2025-04-23 00:00:00,93909.05,9,85396.0,9.9689,264
SELL,2025-04-23 13:00:00,94696.05,10,85396.0,10.8905,264
SELL,2025-04-29 14:00:00,95300.0,11,85396.0,11.5977,264
SELL,2025-05-01 12:00:00,96463.18,12,85396.0,12.9598,264
SELL,2025-05-02 00:00:00,97052.48,13,85396.0,13.6499,264
SELL,2025-05-02 03:00:00,97233.1,14,85396.0,13.8614,264
BUY,2025-05-03 17:00:00,95869.68,1,95869.68,0.0,265
BUY,2025-05-04 13:00:00,95209.07,2,95869.68,-0.6891,265
BUY,2025-05-05 15:00:00,93613.66,3,95869.68,-2.3532,265
SELL,2025-05-08 08:00:00,99800.0,1,99800.0,0.0,266
SELL,2025-05-08 17:00:00,101707.02,2,99800.0,1.9108,266
SELL,2025-05-09 06:00:00,103261.71,3,99800.0,3.4686,266
SELL,2025-05-11 09:00:00,104469.23,4,99800.0,4.6786,266
SELL,2025-05-13 18:00:00,104428.58,5,99800.0,4.6379,266
BUY,2025-05-15 14:00:00,101383.07,1,101383.07,0.0,267
SELL,2025-05-18 22:00:00,105979.99,1,105979.99,0.0,268
BUY,2025-05-19 12:00:00,102126.16,1,102126.16,0.0,269
SELL,2025-05-19 23:00:00,105829.99,1,105829.99,0.0,270
SELL,2025-05-22 02:00:00,110981.96,2,105829.99,4.8682,270
SELL,2025-05-22 11:00:00,111326.2,3,105829.99,5.1934,270
BUY,2025-05-25 07:00:00,107454.54,1,107454.54,0.0,271
BUY,2025-05-25 15:00:00,106600.64,2,107454.54,-0.7947,271
SELL,2025-05-26 06:00:00,109951.2,1,109951.2,0.0,272
BUY,2025-05-28 19:00:00,106938.24,1,106938.24,0.0,273
BUY,2025-05-29 23:00:00,105322.86,2,106938.24,-1.5106,273
BUY,2025-05-31 09:00:00,103482.55,3,106938.24,-3.2315,273
SELL,2025-06-01 20:00:00,105300.0,1,105300.0,0.0,274
SELL,2025-06-02 07:00:00,105438.87,2,105300.0,0.1319,274
BUY,2025-06-05 13:00:00,104303.64,1,104303.64,0.0,275
SELL,2025-06-07 18:00:00,105884.46,1,105884.46,0.0,276
SELL,2025-06-08 16:00:00,106320.77,2,105884.46,0.4121,276
SELL,2025-06-09 14:00:00,108000.0,3,105884.46,1.998,276
SELL,2025-06-10 13:00:00,109900.81,4,105884.46,3.7931,276
BUY,2025-06-11 21:00:00,108367.94,1,108367.94,0.0,277
BUY,2025-06-12 03:00:00,107730.0,2,108367.94,-0.5887,277
BUY,2025-06-12 19:00:00,106680.0,3,108367.94,-1.5576,277
BUY,2025-06-12 22:00:00,105726.65,4,108367.94,-2.4373,277
BUY,2025-06-14 18:00:00,104359.08,5,108367.94,-3.6993,277
BUY,2025-06-14 20:00:00,104300.0,6,108367.94,-3.7538,277
SELL,2025-06-16 14:00:00,107784.26,1,107784.26,0.0,278
SELL,2025-06-16 16:00:00,107906.98,2,107784.26,0.1139,278
SELL,2025-06-16 22:00:00,108952.38,3,107784.26,1.0838,278
BUY,2025-06-18 17:00:00,103615.33,1,103615.33,0.0,279
BUY,2025-06-21 23:00:00,100837.9,2,103615.33,-2.6805,279
BUY,2025-06-22 20:00:00,98200.0,3,103615.33,-5.2264,279
SELL,2025-06-23 17:00:00,102690.0,1,102690.0,0.0,280
SELL,2025-06-24 06:00:00,105811.0,2,102690.0,3.0392,280
SELL,2025-06-24 14:00:00,105665.52,3,102690.0,2.8976,280
SELL,2025-06-26 02:00:00,108039.05,4,102690.0,5.2089,280
BUY,2025-07-01 13:00:00,106301.04,1,106301.04,0.0,281
BUY,2025-07-01 19:00:00,105387.68,2,106301.04,-0.8592,281
BUY,2025-07-02 01:00:00,105100.19,3,106301.04,-1.1297,281
SELL,2025-07-02 13:00:00,107998.0,1,107998.0,0.0,282
SELL,2025-07-03 08:00:00,109580.0,2,107998.0,1.4648,282
SELL,2025-07-03 13:00:00,110529.18,3,107998.0,2.3437,282
BUY,2025-07-04 19:00:00,107245.0,1,107245.0,0.0,283
SELL,2025-07-07 03:00:00,109700.0,1,109700.0,0.0,284
BUY,2025-07-07 16:00:00,107906.25,1,107906.25,0.0,285
SELL,2025-07-10 02:00:00,111581.0,1,111581.0,0.0,286
SELL,2025-07-10 14:00:00,111319.24,2,111581.0,-0.2346,286
SELL,2025-07-11 09:00:00,118869.98,3,111581.0,6.5325,286
SELL,2025-07-13 11:00:00,118086.66,4,111581.0,5.8304,286
SELL,2025-07-13 19:00:00,119488.0,5,111581.0,7.0863,286
SELL,2025-07-14 07:00:00,123218.0,6,111581.0,10.4292,286
BUY,2025-07-15 14:00:00,115736.92,1,115736.92,0.0,287
SELL,2025-07-16 18:00:00,119904.13,1,119904.13,0.0,288
SELL,2025-07-16 20:00:00,119933.89,2,119904.13,0.0248,288
SELL,2025-07-18 06:00:00,120820.71,3,119904.13,0.7644,288
BUY,2025-07-18 18:00:00,117235.0,1,117235.0,0.0,289
BUY,2025-07-19 19:00:00,117605.26,2,117235.0,0.3158,289
SELL,2025-07-22 09:00:00,118656.0,1,118656.0,0.0,290
SELL,2025-07-22 23:00:00,120247.8,2,118656.0,1.3415,290
BUY,2025-07-23 12:00:00,117799.87,1,117799.87,0.0,291
BUY,2025-07-25 14:00:00,114908.0,2,117799.87,-2.4549,291
SELL,2025-07-26 08:00:00,117615.12,1,117615.12,0.0,292
SELL,2025-07-26 13:00:00,118220.0,2,117615.12,0.5143,292
SELL,2025-07-26 19:00:00,118297.35,3,117615.12,0.5801,292
SELL,2025-07-27 02:00:00,118358.18,4,117615.12,0.6318,292
SELL,2025-07-28 02:00:00,119800.0,5,117615.12,1.8577,292
BUY,2025-07-29 02:00:00,117450.0,1,117450.0,0.0,293
BUY,2025-08-01 18:00:00,113669.01,2,117450.0,-3.2192,293
BUY,2025-08-01 22:00:00,112722.58,3,117450.0,-4.025,293
BUY,2025-08-03 00:00:00,111920.0,4,117450.0,-4.7084,293
SELL,2025-08-04 00:00:00,114914.29,1,114914.29,0.0,294
SELL,2025-08-04 17:00:00,115720.0,2,114914.29,0.7011,294
BUY,2025-08-05 12:00:00,113500.01,1,113500.01,0.0,295
SELL,2025-08-07 22:00:00,117621.0,1,117621.0,0.0,296
SELL,2025-08-08 00:00:00,117630.0,2,117621.0,0.0077,296
SELL,2025-08-10 11:00:00,118500.0,3,117621.0,0.7473,296
BUY,2025-08-12 09:00:00,118400.01,1,118400.01,0.0,297
SELL,2025-08-12 20:00:00,120324.43,1,120324.43,0.0,298
SELL,2025-08-13 19:00:00,122839.47,2,120324.43,2.0902,298
BUY,2025-08-14 16:00:00,117407.09,1,117407.09,0.0,299
SELL,2025-08-17 13:00:00,118575.0,1,118575.0,0.0,300
BUY,2025-08-18 06:00:00,114878.71,1,114878.71,0.0,301
BUY,2025-08-18 09:00:00,114640.14,2,114878.71,-0.2077,301
BUY,2025-08-19 23:00:00,112732.58,3,114878.71,-1.8682,301
SELL,2025-08-20 21:00:00,114476.13,1,114476.13,0.0,302
BUY,2025-08-21 14:00:00,112913.39,1,112913.39,0.0,303
SELL,2025-08-22 18:00:00,117429.05,1,117429.05,0.0,304
BUY,2025-08-24 05:00:00,114930.65,1,114930.65,0.0,305
BUY,2025-08-24 12:00:00,114597.55,2,114930.65,-0.2898,305
BUY,2025-08-25 10:00:00,110939.4,3,114930.65,-3.4727,305
BUY,2025-08-26 00:00:00,108854.19,4,114930.65,-5.2871,305
SELL,2025-08-28 13:00:00,113485.9,1,113485.9,0.0,306
BUY,2025-08-29 13:00:00,108900.0,1,108900.0,0.0,307
BUY,2025-08-29 18:00:00,108101.07,2,108900.0,-0.7336,307
BUY,2025-08-30 01:00:00,107350.1,3,108900.0,-1.4232,307
BUY,2025-09-01 02:00:00,107425.42,4,108900.0,-1.3541,307
SELL,2025-09-02 08:00:00,110711.1,1,110711.1,0.0,308
SELL,2025-09-03 17:00:00,112575.27,2,110711.1,1.6838,308
SELL,2025-09-05 12:00:00,113384.62,3,110711.1,2.4149,308
BUY,2025-09-05 17:00:00,110206.96,1,110206.96,0.0,309
SELL,2025-09-11 06:00:00,114459.65,1,114459.65,0.0,310
SELL,2025-09-12 16:00:00,115514.77,2,114459.65,0.9218,310
SELL,2025-09-16 20:00:00,116908.83,3,114459.65,2.1398,310
SELL,2025-09-17 02:00:00,117077.16,4,114459.65,2.2868,310
SELL,2025-09-17 05:00:00,117214.0,5,114459.65,2.4064,310
BUY,2025-09-17 16:00:00,115386.21,1,115386.21,0.0,311
SELL,2025-09-18 18:00:00,117900.0,1,117900.0,0.0,312
BUY,2025-09-19 18:00:00,115382.98,1,115382.98,0.0,313
BUY,2025-09-21 22:00:00,115188.0,2,115382.98,-0.169,313
BUY,2025-09-22 05:00:00,113623.0,3,115382.98,-1.5253,313
BUY,2025-09-22 17:00:00,112250.89,4,115382.98,-2.7145,313
SELL,2025-09-24 17:00:00,113940.0,1,113940.0,0.0,314
BUY,2025-09-25 11:00:00,111283.63,1,111283.63,0.0,315
BUY,2025-09-26 10:00:00,108697.42,2,111283.63,-2.324,315
SELL,2025-09-29 12:00:00,112515.0,1,112515.0,0.0,316
SELL,2025-09-29 19:00:00,114390.93,2,112515.0,1.6673,316
SELL,2025-09-30 00:00:00,114758.0,3,112515.0,1.9935,316
BUY,2025-09-30 16:00:00,112800.0,1,112800.0,0.0,317
SELL,2025-10-01 22:00:00,118080.0,1,118080.0,0.0,318
SELL,2025-10-02 18:00:00,120663.96,2,118080.0,2.1883,318
SELL,2025-10-04 04:00:00,122522.0,3,118080.0,3.7619,318
